Workbook
Name 간호과근로계약서: #REF!
Name 간호과근로계약서: #REF!
Name 간호과근로계약서: #REF!
Name 간호과근로계약서: #REF!
Name 간호과근로계약서: #REF!
Name 간호과근로계약서: #REF!
Name 디비: #REF!
Name 디비: #REF!
Name 디비: #REF!
Name 디비: #REF!
Name 디비: #REF!
Name 디비: #REF!
Name 디비: #REF!
Name 디비: #REF!
Name 디비: #REF!
Name ㅁㄴ: #REF!
Name ㅁㄴ: #REF!
Name ㅁㄴ: #REF!
Name ㅁㄴ: #REF!
Name ㅁㄴ: #REF!
Name ㅁㄴ: #REF!
Name 보험료공제: #REF!
Name 보험료공제: #REF!
Name 보험료공제: #REF!
Name 보험료공제: #REF!
Name 보험료공제: #REF!
Name 보험료공제: #REF!
Name 보험료공제: #REF!
Name 보험료공제: #REF!
Name 보험료공제: #REF!
Name 보험료공제1: #REF!
Name 보험료공제1: #REF!
Name 보험료공제1: #REF!
Name 보험료공제1: #REF!
Name 보험료공제1: #REF!
Name 보험료공제1: #REF!
Name 보험료공제1: #REF!
Name 보험료공제1: #REF!
Name 보험료공제1: #REF!
Name ㅇㄴㅁ: #REF!
Name ㅇㄴㅁ: #REF!
Name ㅇㄴㅁ: #REF!
Name ㅇㄴㅁ: #REF!
Name ㅇㄴㅁ: #REF!
Name ㅇㄴㅁ: #REF!
Name 직능2: #REF!
Name 직능2: #REF!
Name 직능2: #REF!
Name 직능2: #REF!
Name 직능2: #REF!
Name 직능2: #REF!
Name 직능2: #REF!
Name 직능2: #REF!
Name 직능2: #REF!
Name 직능3: #REF!
Name 직능3: #REF!
Name 직능3: #REF!
Name 직능3: #REF!
Name 직능3: #REF!
Name 직능3: #REF!

Sheet 세액표(1202)
B1: 1 | C1: 2 | D1: 3 | E1: 4 | F1: 5 | G1: 6 | H1: 7 | I1: 8 | J1: 9 | K1: 10 | L1: 11
A2: 775000 | B2: 0 | C2: 0 | D2: 0 | E2: 0 | F2: 0 | G2: 0 | H2: 0 | I2: 0 | J2: 0 | K2: 0 | L2: 0 | M2: 0 | N2: 0 | O2: 0 | P2: 0 | Q2: 0 | R2: 0 | S2: 0 | T2: 0 | U2: 0
A3: 780000 | B3: 0 | C3: 0 | D3: 0 | E3: 0 | F3: 0 | G3: 0 | H3: 0 | I3: 0 | J3: 0 | K3: 0 | L3: 0 | M3: 0 | N3: 0 | O3: 0 | P3: 0 | Q3: 0 | R3: 0 | S3: 0 | T3: 0 | U3: 0
A4: 785000 | B4: 0 | C4: 0 | D4: 0 | E4: 0 | F4: 0 | G4: 0 | H4: 0 | I4: 0 | J4: 0 | K4: 0 | L4: 0 | M4: 0 | N4: 0 | O4: 0 | P4: 0 | Q4: 0 | R4: 0 | S4: 0 | T4: 0 | U4: 0
A5: 790000 | B5: 0 | C5: 0 | D5: 0 | E5: 0 | F5: 0 | G5: 0 | H5: 0 | I5: 0 | J5: 0 | K5: 0 | L5: 0 | M5: 0 | N5: 0 | O5: 0 | P5: 0 | Q5: 0 | R5: 0 | S5: 0 | T5: 0 | U5: 0
A6: 795000 | B6: 0 | C6: 0 | D6: 0 | E6: 0 | F6: 0 | G6: 0 | H6: 0 | I6: 0 | J6: 0 | K6: 0 | L6: 0 | M6: 0 | N6: 0 | O6: 0 | P6: 0 | Q6: 0 | R6: 0 | S6: 0 | T6: 0 | U6: 0
A7: 800000 | B7: 0 | C7: 0 | D7: 0 | E7: 0 | F7: 0 | G7: 0 | H7: 0 | I7: 0 | J7: 0 | K7: 0 | L7: 0 | M7: 0 | N7: 0 | O7: 0 | P7: 0 | Q7: 0 | R7: 0 | S7: 0 | T7: 0 | U7: 0
A8: 805000 | B8: 0 | C8: 0 | D8: 0 | E8: 0 | F8: 0 | G8: 0 | H8: 0 | I8: 0 | J8: 0 | K8: 0 | L8: 0 | M8: 0 | N8: 0 | O8: 0 | P8: 0 | Q8: 0 | R8: 0 | S8: 0 | T8: 0 | U8: 0
A9: 810000 | B9: 0 | C9: 0 | D9: 0 | E9: 0 | F9: 0 | G9: 0 | H9: 0 | I9: 0 | J9: 0 | K9: 0 | L9: 0 | M9: 0 | N9: 0 | O9: 0 | P9: 0 | Q9: 0 | R9: 0 | S9: 0 | T9: 0 | U9: 0
A10: 815000 | B10: 0 | C10: 0 | D10: 0 | E10: 0 | F10: 0 | G10: 0 | H10: 0 | I10: 0 | J10: 0 | K10: 0 | L10: 0 | M10: 0 | N10: 0 | O10: 0 | P10: 0 | Q10: 0 | R10: 0 | S10: 0 | T10: 0 | U10: 0
A11: 820000 | B11: 0 | C11: 0 | D11: 0 | E11: 0 | F11: 0 | G11: 0 | H11: 0 | I11: 0 | J11: 0 | K11: 0 | L11: 0 | M11: 0 | N11: 0 | O11: 0 | P11: 0 | Q11: 0 | R11: 0 | S11: 0 | T11: 0 | U11: 0
A12: 825000 | B12: 0 | C12: 0 | D12: 0 | E12: 0 | F12: 0 | G12: 0 | H12: 0 | I12: 0 | J12: 0 | K12: 0 | L12: 0 | M12: 0 | N12: 0 | O12: 0 | P12: 0 | Q12: 0 | R12: 0 | S12: 0 | T12: 0 | U12: 0
A13: 830000 | B13: 0 | C13: 0 | D13: 0 | E13: 0 | F13: 0 | G13: 0 | H13: 0 | I13: 0 | J13: 0 | K13: 0 | L13: 0 | M13: 0 | N13: 0 | O13: 0 | P13: 0 | Q13: 0 | R13: 0 | S13: 0 | T13: 0 | U13: 0
... A58: 1055000 | B58: 0 | C58: 0 | D58: 0 | E58: 0 | F58: 0 | G58: 0 | H58: 0 | I58: 0 | J58: 0 | K58: 0 | L58: 0 | M58: 0 | N58: 0 | O58: 0 | P58: 0 | Q58: 0 | R58: 0 | S58: 0 | T58: 0 | U58: 0
A59: 1060000 | B59: 0 | C59: 0 | D59: 0 | E59: 0 | F59: 0 | G59: 0 | H59: 0 | I59: 0 | M59: 0 | N59: 0 | O59: 0 | P59: 0 | Q59: 0 | R59: 0 | S59: 0 | T59: 0 | U59: 0
A60: 1065000 | B60: 1040 | C60: 0 | D60: 0 | E60: 0 | F60: 0 | G60: 0 | H60: 0 | I60: 0 | M60: 0 | N60: 0 | O60: 0 | P60: 0 | Q60: 0 | R60: 0 | S60: 0 | T60: 0 | U60: 0
A61: 1070000 | B61: 1110 | C61: 0 | D61: 0 | E61: 0 | F61: 0 | G61: 0 | H61: 0 | I61: 0 | M61: 0 | N61: 0 | O61: 0 | P61: 0 | Q61: 0 | R61: 0 | S61: 0 | T61: 0 | U61: 0
A62: 1075000 | B62: 1180 | C62: 0 | D62: 0 | E62: 0 | F62: 0 | G62: 0 | H62: 0 | I62: 0 | M62: 0 | N62: 0 | O62: 0 | P62: 0 | Q62: 0 | R62: 0 | S62: 0 | T62: 0 | U62: 0
A63: 1080000 | B63: 1250 | C63: 0 | D63: 0 | E63: 0 | F63: 0 | G63: 0 | H63: 0 | I63: 0 | M63: 0 | N63: 0 | O63: 0 | P63: 0 | Q63: 0 | R63: 0 | S63: 0 | T63: 0 | U63: 0
A64: 1085000 | B64: 1320 | C64: 0 | D64: 0 | E64: 0 | F64: 0 | G64: 0 | H64: 0 | I64: 0 | M64: 0 | N64: 0 | O64: 0 | P64: 0 | Q64: 0 | R64: 0 | S64: 0 | T64: 0 | U64: 0
A65: 1090000 | B65: 1390 | C65: 0 | D65: 0 | E65: 0 | F65: 0 | G65: 0 | H65: 0 | I65: 0 | M65: 0 | N65: 0 | O65: 0 | P65: 0 | Q65: 0 | R65: 0 | S65: 0 | T65: 0 | U65: 0
A66: 1095000 | B66: 1460 | C66: 0 | D66: 0 | E66: 0 | F66: 0 | G66: 0 | H66: 0 | I66: 0 | M66: 0 | N66: 0 | O66: 0 | P66: 0 | Q66: 0 | R66: 0 | S66: 0 | T66: 0 | U66: 0
A67: 1100000 | B67: 1530 | C67: 0 | D67: 0 | E67: 0 | F67: 0 | G67: 0 | H67: 0 | I67: 0 | M67: 0 | N67: 0 | O67: 0 | P67: 0 | Q67: 0 | R67: 0 | S67: 0 | T67: 0 | U67: 0
A68: 1105000 | B68: 1600 | C68: 0 | D68: 0 | E68: 0 | F68: 0 | G68: 0 | H68: 0 | I68: 0 | M68: 0 | N68: 0 | O68: 0 | P68: 0 | Q68: 0 | R68: 0 | S68: 0 | T68: 0 | U68: 0
A69: 1110000 | B69: 1670 | C69: 0 | D69: 0 | E69: 0 | F69: 0 | G69: 0 | H69: 0 | I69: 0 | M69: 0 | N69: 0 | O69: 0 | P69: 0 | Q69: 0 | R69: 0 | S69: 0 | T69: 0 | U69: 0
A70: 1115000 | B70: 1740 | C70: 0 | D70: 0 | E70: 0 | F70: 0 | G70: 0 | H70: 0 | I70: 0 | M70: 0 | N70: 0 | O70: 0 | P70: 0 | Q70: 0 | R70: 0 | S70: 0 | T70: 0 | U70: 0
... A225: 2280000 | B225: 28200 | C225: 21200 | D225: 11960 | E225: 8580 | F225: 5210 | G225: 1830 | H225: 0 | I225: 0 | M225: 0 | N225: 0 | O225: 0 | P225: 0 | Q225: 0 | R225: 0 | S225: 0 | T225: 0 | U225: 0
A226: 2290000 | B226: 28520 | C226: 21520 | D226: 12150 | E226: 8780 | F226: 5400 | G226: 2030 | H226: 0 | I226: 0
A227: 2300000 | B227: 28840 | C227: 21840 | D227: 12350 | E227: 8980 | F227: 5600 | G227: 2230 | H227: 0 | I227: 0
A228: 2310000 | B228: 29160 | C228: 22160 | D228: 12550 | E228: 9180 | F228: 5800 | G228: 2430 | H228: 0 | I228: 0
A229: 2320000 | B229: 29480 | C229: 22480 | D229: 12750 | E229: 9370 | F229: 6000 | G229: 2620 | H229: 0 | I229: 0
A230: 2330000 | B230: 29810 | C230: 22810 | D230: 12950 | E230: 9570 | F230: 6200 | G230: 2820 | H230: 0 | I230: 0
A231: 2340000 | B231: 30130 | C231: 23130 | D231: 13150 | E231: 9770 | F231: 6400 | G231: 3020 | H231: 0 | I231: 0
A232: 2350000 | B232: 30450 | C232: 23450 | D232: 13340 | E232: 9970 | F232: 6590 | G232: 3220 | H232: 0 | I232: 0
A233: 2360000 | B233: 30770 | C233: 23770 | D233: 13540 | E233: 10170 | F233: 6790 | G233: 3420 | H233: 0 | I233: 0
A234: 2370000 | B234: 31090 | C234: 24090 | D234: 13740 | E234: 10370 | F234: 6990 | G234: 3620 | H234: 0 | I234: 0
A235: 2380000 | B235: 31410 | C235: 24410 | D235: 13940 | E235: 10560 | F235: 7190 | G235: 3810 | H235: 0 | I235: 0
A236: 2390000 | B236: 31730 | C236: 24730 | D236: 14140 | E236: 10760 | F236: 7390 | G236: 4010 | H236: 0 | I236: 0
A237: 2400000 | B237: 32050 | C237: 25050 | D237: 14340 | E237: 10960 | F237: 7590 | G237: 4210 | H237: 0 | I237: 0
... A269: 2720000 | B269: 49100 | C269: 35790 | D269: 22220 | E269: 17600 | F269: 14230 | G269: 10850 | H269: 7480 | I269: 4100
A270: 2730000 | B270: 49960 | C270: 36130 | D270: 22550 | E270: 17810 | F270: 14440 | G270: 11060 | H270: 7690 | I270: 4310 | J270: 1150
A271: 2740000 | B271: 50810 | C271: 36470 | D271: 22880 | E271: 18030 | F271: 14650 | G271: 11280 | H271: 7900 | I271: 4530 | J271: 1360
A272: 2750000 | B272: 51670 | C272: 36810 | D272: 23210 | E272: 18240 | F272: 14860 | G272: 11490 | H272: 8110 | I272: 4740 | J272: 1570
A273: 2760000 | B273: 52530 | C273: 37160 | D273: 23540 | E273: 18450 | F273: 15070 | G273: 11700 | H273: 8320 | I273: 4950 | J273: 1790
A274: 2770000 | B274: 53380 | C274: 37500 | D274: 23870 | E274: 18660 | F274: 15290 | G274: 11910 | H274: 8540 | I274: 5160 | J274: 2000
A275: 2780000 | B275: 54240 | C275: 37840 | D275: 24200 | E275: 18950 | F275: 15500 | G275: 12120 | H275: 8750 | I275: 5370 | J275: 2210
A276: 2790000 | B276: 55090 | C276: 38180 | D276: 24520 | E276: 19270 | F276: 15710 | G276: 12340 | H276: 8960 | I276: 5590 | J276: 2420
A277: 2800000 | B277: 55950 | C277: 38530 | D277: 24850 | E277: 19600 | F277: 15920 | G277: 12550 | H277: 9170 | I277: 5800 | J277: 2630
A278: 2810000 | B278: 56800 | C278: 39300 | D278: 25180 | E278: 19930 | F278: 16130 | G278: 12760 | H278: 9380 | I278: 6010 | J278: 2850
A279: 2820000 | B279: 57660 | C279: 40160 | D279: 25510 | E279: 20260 | F279: 16350 | G279: 12970 | H279: 9600 | I279: 6220 | J279: 3060
A280: 2830000 | B280: 58520 | C280: 41020 | D280: 25840 | E280: 20590 | F280: 16560 | G280: 13180 | H280: 9810 | I280: 6430 | J280: 3270
A281: 2840000 | B281: 59370 | C281: 41870 | D281: 26170 | E281: 20920 | F281: 16770 | G281: 13400 | H281: 10020 | I281: 6650 | J281: 3480
... A285: 2880000 | B285: 62790 | C285: 45290 | D285: 27490 | E285: 22240 | F285: 17620 | G285: 14240 | H285: 10870 | I285: 7490 | J285: 4330
A286: 2890000 | B286: 63650 | C286: 46150 | D286: 27820 | E286: 22570 | F286: 17830 | G286: 14460 | H286: 11080 | I286: 7710 | J286: 4540 | K286: 1170
A287: 2900000 | B287: 64510 | C287: 47010 | D287: 28150 | E287: 22900 | F287: 18040 | G287: 14670 | H287: 11290 | I287: 7920 | J287: 4750 | K287: 1380
A288: 2910000 | B288: 65360 | C288: 47860 | D288: 28480 | E288: 23230 | F288: 18250 | G288: 14880 | H288: 11500 | I288: 8130 | J288: 4970 | K288: 1590
A289: 2920000 | B289: 66220 | C289: 48720 | D289: 28810 | E289: 23560 | F289: 18470 | G289: 15090 | H289: 11720 | I289: 8340 | J289: 5180 | K289: 1800
A290: 2930000 | B290: 67070 | C290: 49570 | D290: 29140 | E290: 23890 | F290: 18680 | G290: 15300 | H290: 11930 | I290: 8550 | J290: 5390 | K290: 2010
A291: 2940000 | B291: 67930 | C291: 50430 | D291: 29470 | E291: 24220 | F291: 18970 | G291: 15510 | H291: 12140 | I291: 8760 | J291: 5600 | K291: 2230
A292: 2950000 | B292: 68780 | C292: 51280 | D292: 29800 | E292: 24550 | F292: 19300 | G292: 15730 | H292: 12350 | I292: 8980 | J292: 5810 | K292: 2440
A293: 2960000 | B293: 69640 | C293: 52140 | D293: 30130 | E293: 24880 | F293: 19630 | G293: 15940 | H293: 12560 | I293: 9190 | J293: 6030 | K293: 2650
A294: 2970000 | B294: 70500 | C294: 53000 | D294: 30460 | E294: 25210 | F294: 19960 | G294: 16150 | H294: 12780 | I294: 9400 | J294: 6240 | K294: 2860
A295: 2980000 | B295: 71350 | C295: 53850 | D295: 30790 | E295: 25540 | F295: 20290 | G295: 16360 | H295: 12990 | I295: 9610 | J295: 6450 | K295: 3070
A296: 2990000 | B296: 72210 | C296: 54710 | D296: 31120 | E296: 25870 | F296: 20620 | G296: 16570 | H296: 13200 | I296: 9820 | J296: 6660 | K296: 3290
A297: 3000000 | B297: 73060 | C297: 55560 | D297: 31450 | E297: 26200 | F297: 20950 | G297: 16790 | H297: 13410 | I297: 10040 | J297: 6980 | K297: 3600
A298: 3020000 | B298: 74350 | C298: 56850 | D298: 31940 | E298: 26690 | F298: 21440 | G298: 17100 | H298: 13730 | I298: 10350 | J298: 7400 | K298: 4030
A299: 3040000 | B299: 76060 | C299: 58560 | D299: 32600 | E299: 27350 | F299: 22100 | G299: 17530 | H299: 14150 | I299: 10780 | J299: 7830 | K299: 4450 | L299: 1080
A300: 3060000 | B300: 77770 | C300: 60270 | D300: 33260 | E300: 28010 | F300: 22760 | G300: 17950 | H300: 14580 | I300: 11200 | J300: 8250 | K300: 4880 | L300: 1500
A301: 3080000 | B301: 79480 | C301: 61980 | D301: 33920 | E301: 28670 | F301: 23420 | G301: 18380 | H301: 15000 | I301: 11630 | J301: 8680 | K301: 5300 | L301: 1930
A302: 3100000 | B302: 81190 | C302: 63690 | D302: 34580 | E302: 29330 | F302: 24080 | G302: 18830 | H302: 15430 | I302: 12050 | J302: 9100 | K302: 5720 | L302: 2350
A303: 3120000 | B303: 82900 | C303: 65400 | D303: 35240 | E303: 29990 | F303: 24740 | G303: 19490 | H303: 15850 | I303: 12470 | J303: 9520 | K303: 6150 | L303: 2770
A304: 3140000 | B304: 84620 | C304: 67120 | D304: 35900 | E304: 30650 | F304: 25400 | G304: 20150 | H304: 16270 | I304: 12900 | J304: 9950 | K304: 6570 | L304: 3200
A305: 3160000 | B305: 86330 | C305: 68830 | D305: 36560 | E305: 31310 | F305: 26060 | G305: 20810 | H305: 16700 | I305: 13320 | J305: 10370 | K305: 7000 | L305: 3620
A306: 3180000 | B306: 88040 | C306: 70540 | D306: 37220 | E306: 31970 | F306: 26720 | G306: 21470 | H306: 17120 | I306: 13750 | J306: 10790 | K306: 7420 | L306: 4040
A307: 3200000 | B307: 89750 | C307: 72250 | D307: 37880 | E307: 32630 | F307: 27380 | G307: 22130 | H307: 17540 | I307: 14170 | J307: 11220 | K307: 7840 | L307: 4470
A308: 3220000 | B308: 91460 | C308: 73960 | D308: 38540 | E308: 33290 | F308: 28040 | G308: 22790 | H308: 17970 | I308: 14590 | J308: 11640 | K308: 8270 | L308: 4890
A309: 3240000 | B309: 93170 | C309: 75670 | D309: 40120 | E309: 33950 | F309: 28700 | G309: 23450 | H309: 18390 | I309: 15020 | J309: 12070 | K309: 8690 | L309: 5320
A310: 3260000 | B310: 95430 | C310: 77380 | D310: 41770 | E310: 34610 | F310: 29360 | G310: 24110 | H310: 18860 | I310: 15440 | J310: 12490 | K310: 9120 | L310: 5740
... A647: 10000000 | B647: 1503990 | C647: 1428170 | D647: 1198650 | E647: 1168650 | F647: 1138650 | G647: 1108650 | H647: 1078650 | I647: 1048650 | J647: 1071340 | K647: 1041340 | L647: 1011340
B648: 1507400 | C648: 1431570 | D648: 1200840 | E648: 1170840 | F648: 1140840 | G648: 1110840 | H648: 1080840 | I648: 1050840

Sheet 임금대장
A1: 2026년 1월 지급내역 | W1: 2026년 1월 공제내역
A3: <쿠우쿠우 부평점> | M3: =VALUE(LEFT(A1,4)) -> 2026 | N3: =VALUE(MID(A1,FIND("년",A1)+2,FIND("월",A1)-FIND("년",A1)-2)) -> 1 | O3: =DAY(EOMONTH(DATE(VALUE(LEFT(A1,4)), N3, 1), 0)) -> 31 | W3: <쿠우쿠우 부평점>
A4: 번호 | B4: 이름 | C4: 파트 | D4: 주민등록번호 | E4: 입사일 | F4: 퇴사일 | G4: 계약임금 | H4: 시급 | I4: 지 급 내 역 | O4: 근무일 | P4: 휴무 | Q4: 휴무공제 | R4: 차감시간 | S4: 시간공제 | T4: 임금총액 | W4: 번호 | X4: 이름 | Y4: 공 제 내 역 | AG4: 공제액계 | AH4: 실지급액 | AI4: 비고
I5: 기본급 | J5: 연장근로 (고정) | K5: 고정추가수당 | L5: 휴일근무+ 추가수당 | M5: 연차수당 | N5: 추가수당 | U5: 소득금액 | V5: 가족수 | Y5: 소득세 | Z5: 주민세 | AA5: 국민연금 | AB5: 건강보험 | AC5: 장기요양보험 | AD5: 고용보험료 | AE5: 기지급액 | AF5: 퇴직정산 | AL5: 12 | AM5: 11 | AN5: 10 | AO5: 9 | AP5: 8 | AQ5: 7 | AR5: 6 | AS5: 5 | AT5: 4 | AU5: 3 | AV5: 2 | AW5: 1
A6: =ROW()-5 -> 1 | B6: 박은규 | C6: =INDEX('정직원 (2)'!$B$4:$B$10,MATCH(임금대장!B6,'정직원 (2)'!$C$4:$C$10,0)) -> 초다이 | D6: =VLOOKUP(B6,'정직원 (2)'!$C$4:$F$10,4,0) -> 870923-1243215 | E6: =VLOOKUP(B6,'정직원 (2)'!$C$4:$J$81,8,0) -> 44593 | F6: =VLOOKUP(B6,'정직원 (2)'!$C$4:$L$81,10,0) -> 0 | G6: =VLOOKUP(B6,'정직원 (2)'!$C$4:$F$81,3,0) -> 4300000 | H6: =ROUNDDOWN(G6/291,0) -> 14776 | I6: =ROUNDDOWN(($G6/291*209),0) -> 3088316 | J6: =ROUNDDOWN(($G6/291*65.2),0) -> 963436 | K6: =ROUNDUP(($G6/291*8.8),0) -> 130035 | L6: =VLOOKUP(B6,'정직원 (2)'!$C$4:$O$95,13,0) -> 0 | M6: =ROUNDDOWN(($G6/291*8),0) -> 118213 | N6: =IF(OR(AI6="",AI6=0),0, IF(ISNUMBER(SEARCH("추가",AI6)), G6/$O$3*VALUE(SUBSTITUTE(SUBSTITUTE(TRIM(AI6)," ",""),"추가","")), 0)) -> 69354.839 | O6: =$O$3-P6 -> 31 | P6: =IF(ISNUMBER(SEARCH("차감",AI6)), VALUE(SUBSTITUTE(SUBSTITUTE(SUBSTITUTE(TRIM(AI6)," ",""),"차감",""),"일","")), IF(AND(YEAR(F6)=$M$3,MONTH(F6)=$N$3),$O$3-DAY(F6), IF(AND(YEAR(E6)=$M$3,MONTH(E6)=$N$3),DAY(E6)-1,0))) -> 0 | Q6: =ROUNDDOWN(G6/$O$3*P6,-1) -> 0 | S6: =ROUNDDOWN(H6*R6,-1) -> 0 | T6: =G6-Q6-S6+N6+L6 -> 4369354.8 | U6: 1800000 | V6: 4 | W6: =A6 -> 1 | X6: =B6 -> 박은규 | Y6: =IF(T6<800000,0,(VLOOKUP(T6,'세액표(1202)'!A:L,V6+1))) -> 132410 | Z6: =ROUNDDOWN(Y6*10%,-1) -> 13240 | AA6: 209900 | AB6: =ROUNDDOWN(T6*3.595%,-1) -> 157070 | AC6: =ROUNDDOWN(AB6*13.14%,-1) -> 20630 | AD6: =ROUNDDOWN(T6*0.9%,-1) -> 39320 | AE6: =L6 -> 0 | AG6: =SUM(Y6:AF6) -> 572570 | AH6: =T6-AG6 -> 3796784.8 | AI6: =VLOOKUP(D6,'정직원 (2)'!$F$4:$M$90,8,0) -> 0.5추가 | AJ6: =DATEDIF(DATE(IF(VALUE(LEFT(D6,2))>22,1900,2000)+VALUE(LEFT(D6,2)),VALUE(MID(D6,3,2)),VALUE(MID(D6,5,2))),TODAY(),"Y") -> 38 | AK6: =_xlfn.LET( _xlpm.tag0, AI6, _xlpm.tag, TRIM(SUBSTITUTE(SUBSTITUTE(_xlpm.tag0," ",""),CHAR(160),"")), _xlpm.hasAdd, ISNUMBER(SEARCH("추가",_xlpm.tag)), _xlpm.hasSub, ISNUMBER(SEARCH("차감",_xlpm.tag)), _xlpm.rawText, SUBSTITUTE(SUBSTITUTE(_xlpm.tag,"추가",""),"차감",""), _xlpm.fac, IFERROR(VALUE(_xlpm.rawText),""), _xlpm.base, G6, _xlpm.denom, $O$3, _xlpm.expected, IF(_xlpm.hasAdd, _xlpm.base/_xlpm.denom*_xlpm.fac, IF(_xlpm.hasSub, ROUNDDOWN(_xlpm.base/_xlpm.denom*_xlpm.fac,-1),"")), _xlpm.tgt0, IF(_xlpm.hasSub, Q6, IF(_xlpm.hasAdd, N6, "")), _xlpm.tgt, IF(_xlpm.tgt0="","",IFERROR(1*SUBSTITUTE(_xlpm.tgt0,",",""),"")), _xlpm.diff, IF(AND(_xlpm.expected<>"",_xlpm.tgt<>""), _xlpm.tgt-_xlpm.expected,""), _xlpm.ok, IF(_xlpm.diff<>"", ABS(_xlpm.diff)<=1, FALSE), IF(_xlpm.tag="", "NO TAG", IF(NOT(OR(_xlpm.hasAdd,_xlpm.hasSub)), "INVALID TAG", IF(_xlpm.fac="", "BAD NUM", IF(_xlpm.tgt="", "NO VAL", IF(_xlpm.ok,"OK","NG: "&TEXT(_xlpm.diff,"#,##0")) ) ) ) ) ) -> OK | AL6: 5508064.5 | AO6: 7443333.3 | AP6: 4785483.9 | AQ6: 4114520 | AR6: 5015000 | AS6: 4646774.2 | AT6: 4300000 | AU6: 4508065 | AV6: 4453571.4 | AW6: 5008065 | AX6: =SUM(AM6:AW6) -> 44274813
A7: =ROW()-5 -> 2 | B7: piao jing | C7: =INDEX('정직원 (2)'!$B$4:$B$10,MATCH(임금대장!B7,'정직원 (2)'!$C$4:$C$10,0)) -> 롤 | D7: =VLOOKUP(B7,'정직원 (2)'!$C$4:$F$10,4,0) -> 830729-6100013 | E7: =VLOOKUP(B7,'정직원 (2)'!$C$4:$J$81,8,0) -> 44743 | F7: =VLOOKUP(B7,'정직원 (2)'!$C$4:$L$81,10,0) -> 0 | G7: =VLOOKUP(B7,'정직원 (2)'!$C$4:$F$81,3,0) -> 3400000 | H7: =ROUNDDOWN(G7/291,0) -> 11683 | I7: =ROUNDDOWN(($G7/291*209),0) -> 2441924 | J7: =ROUNDUP(($G7/291*65.2),0) -> 761787 | K7: =ROUNDUP(($G7/291*8.8),0) -> 102818 | L7: =VLOOKUP(B7,'정직원 (2)'!$C$4:$O$95,13,0) -> 0 | M7: =ROUNDUP(($G7/291*8),0) -> 93471 | N7: =IF(OR(AI7="",AI7=0),0, IF(ISNUMBER(SEARCH("추가",AI7)), G7/$O$3*VALUE(SUBSTITUTE(SUBSTITUTE(TRIM(AI7)," ",""),"추가","")), 0)) -> 274193.55 | O7: =$O$3-P7 -> 31 | P7: =IF(ISNUMBER(SEARCH("차감",AI7)), VALUE(SUBSTITUTE(SUBSTITUTE(SUBSTITUTE(TRIM(AI7)," ",""),"차감",""),"일","")), IF(AND(YEAR(F7)=$M$3,MONTH(F7)=$N$3),$O$3-DAY(F7), IF(AND(YEAR(E7)=$M$3,MONTH(E7)=$N$3),DAY(E7)-1,0))) -> 0 | Q7: =ROUNDDOWN(G7/$O$3*P7,-1) -> 0 | S7: =ROUNDDOWN(H7*R7,-1) -> 0 | T7: =G7-Q7-S7+N7+L7 -> 3674193.5 | U7: 1800000 | V7: 1 | W7: =A7 -> 2 | X7: =B7 -> piao jing | Y7: =IF(T7<800000,0,(VLOOKUP(T7,'세액표(1202)'!A:L,V7+1))) -> 144330 | Z7: =ROUNDDOWN(Y7*10%,-1) -> 14430 | AA7: 165630 | AB7: =ROUNDDOWN(T7*3.595%,-1) -> 132080 | AC7: =ROUNDDOWN(AB7*13.14%,-1) -> 17350 | AD7: =ROUNDDOWN(T7*0.9%,-1) -> 33060 | AE7: =L7 -> 0 | AG7: =SUM(Y7:AF7) -> 506880 | AH7: =T7-AG7 -> 3167313.5 | AI7: =VLOOKUP(D7,'정직원 (2)'!$F$4:$M$90,8,0) -> 2.5추가 | AJ7: =DATEDIF(DATE(IF(VALUE(LEFT(D7,2))>22,1900,2000)+VALUE(LEFT(D7,2)),VALUE(MID(D7,3,2)),VALUE(MID(D7,5,2))),TODAY(),"Y") -> 42 | AK7: =_xlfn.LET( _xlpm.tag0, AI7, _xlpm.tag, TRIM(SUBSTITUTE(SUBSTITUTE(_xlpm.tag0," ",""),CHAR(160),"")), _xlpm.hasAdd, ISNUMBER(SEARCH("추가",_xlpm.tag)), _xlpm.hasSub, ISNUMBER(SEARCH("차감",_xlpm.tag)), _xlpm.rawText, SUBSTITUTE(SUBSTITUTE(_xlpm.tag,"추가",""),"차감",""), _xlpm.fac, IFERROR(VALUE(_xlpm.rawText),""), _xlpm.base, G7, _xlpm.denom, $O$3, _xlpm.expected, IF(_xlpm.hasAdd, _xlpm.base/_xlpm.denom*_xlpm.fac, IF(_xlpm.hasSub, ROUNDDOWN(_xlpm.base/_xlpm.denom*_xlpm.fac,-1),"")), _xlpm.tgt0, IF(_xlpm.hasSub, Q7, IF(_xlpm.hasAdd, N7, "")), _xlpm.tgt, IF(_xlpm.tgt0="","",IFERROR(1*SUBSTITUTE(_xlpm.tgt0,",",""),"")), _xlpm.diff, IF(AND(_xlpm.expected<>"",_xlpm.tgt<>""), _xlpm.tgt-_xlpm.expected,""), _xlpm.ok, IF(_xlpm.diff<>"", ABS(_xlpm.diff)<=1, FALSE), IF(_xlpm.tag="", "NO TAG", IF(NOT(OR(_xlpm.hasAdd,_xlpm.hasSub)), "INVALID TAG", IF(_xlpm.fac="", "BAD NUM", IF(_xlpm.tgt="", "NO VAL", IF(_xlpm.ok,"OK","NG: "&TEXT(_xlpm.diff,"#,##0")) ) ) ) ) ) -> OK | AL7: 3564516.1 | AO7: 4013333.3 | AP7: 3564516.1 | AQ7: 3535490 | AR7: 3940000 | AS7: 3783871 | AT7: 3400000 | AU7: 3674194 | AV7: 3400000 | AW7: 3764517 | AX7: =SUM(AM7:AW7) -> 33075921
A8: =ROW()-5 -> 3 | B8: 박옥순 | C8: =INDEX('정직원 (2)'!$B$4:$B$10,MATCH(임금대장!B8,'정직원 (2)'!$C$4:$C$10,0)) -> 0 | D8: =VLOOKUP(B8,'정직원 (2)'!$C$4:$F$10,4,0) -> 630526-2252859 | E8: =VLOOKUP(B8,'정직원 (2)'!$C$4:$J$81,8,0) -> 45012 | F8: =VLOOKUP(B8,'정직원 (2)'!$C$4:$L$81,10,0) -> 0 | G8: =VLOOKUP(B8,'정직원 (2)'!$C$4:$F$81,3,0) -> 3300000 | H8: =ROUNDDOWN(G8/291,0) -> 11340 | I8: =ROUNDDOWN(($G8/291*209),0) -> 2370103 | J8: =ROUNDDOWN(($G8/291*65.2),0) -> 739381 | K8: =ROUNDUP(($G8/291*8.8),0) -> 99794 | L8: =VLOOKUP(B8,'정직원 (2)'!$C$4:$O$95,13,0) -> 0 | M8: =ROUNDUP(($G8/291*8),0) -> 90722 | N8: =IF(OR(AI8="",AI8=0),0, IF(ISNUMBER(SEARCH("추가",AI8)), G8/$O$3*VALUE(SUBSTITUTE(SUBSTITUTE(TRIM(AI8)," ",""),"추가","")), 0)) -> 53225.806 | O8: =$O$3-P8 -> 31 | P8: =IF(ISNUMBER(SEARCH("차감",AI8)), VALUE(SUBSTITUTE(SUBSTITUTE(SUBSTITUTE(TRIM(AI8)," ",""),"차감",""),"일","")), IF(AND(YEAR(F8)=$M$3,MONTH(F8)=$N$3),$O$3-DAY(F8), IF(AND(YEAR(E8)=$M$3,MONTH(E8)=$N$3),DAY(E8)-1,0))) -> 0 | Q8: =ROUNDDOWN(G8/$O$3*P8,-1) -> 0 | S8: =ROUNDDOWN(H8*R8,-1) -> 0 | T8: =G8-Q8-S8+N8+L8 -> 3353225.8 | V8: 1 | W8: =A8 -> 3 | X8: =B8 -> 박옥순 | Y8: =IF(T8<800000,0,(VLOOKUP(T8,'세액표(1202)'!A:L,V8+1))) -> 105210 | Z8: =ROUNDDOWN(Y8*10%,-1) -> 10520 | AB8: =ROUNDDOWN(T8*3.595%,-1) -> 120540 | AC8: =ROUNDDOWN(AB8*13.14%,-1) -> 15830 | AD8: =ROUNDDOWN(T8*0.9%,-1) -> 30170 | AE8: =L8 -> 0 | AG8: =SUM(Y8:AF8) -> 282270 | AH8: =T8-AG8 -> 3070955.8 | AI8: =VLOOKUP(D8,'정직원 (2)'!$F$4:$M$90,8,0) -> 0.5추가 | AJ8: =DATEDIF(DATE(IF(VALUE(LEFT(D8,2))>22,1900,2000)+VALUE(LEFT(D8,2)),VALUE(MID(D8,3,2)),VALUE(MID(D8,5,2))),TODAY(),"Y") -> 62 | AK8: =_xlfn.LET( _xlpm.tag0, AI8, _xlpm.tag, TRIM(SUBSTITUTE(SUBSTITUTE(_xlpm.tag0," ",""),CHAR(160),"")), _xlpm.hasAdd, ISNUMBER(SEARCH("추가",_xlpm.tag)), _xlpm.hasSub, ISNUMBER(SEARCH("차감",_xlpm.tag)), _xlpm.rawText, SUBSTITUTE(SUBSTITUTE(_xlpm.tag,"추가",""),"차감",""), _xlpm.fac, IFERROR(VALUE(_xlpm.rawText),""), _xlpm.base, G8, _xlpm.denom, $O$3, _xlpm.expected, IF(_xlpm.hasAdd, _xlpm.base/_xlpm.denom*_xlpm.fac, IF(_xlpm.hasSub, ROUNDDOWN(_xlpm.base/_xlpm.denom*_xlpm.fac,-1),"")), _xlpm.tgt0, IF(_xlpm.hasSub, Q8, IF(_xlpm.hasAdd, N8, "")), _xlpm.tgt, IF(_xlpm.tgt0="","",IFERROR(1*SUBSTITUTE(_xlpm.tgt0,",",""),"")), _xlpm.diff, IF(AND(_xlpm.expected<>"",_xlpm.tgt<>""), _xlpm.tgt-_xlpm.expected,""), _xlpm.ok, IF(_xlpm.diff<>"", ABS(_xlpm.diff)<=1, FALSE), IF(_xlpm.tag="", "NO TAG", IF(NOT(OR(_xlpm.hasAdd,_xlpm.hasSub)), "INVALID TAG", IF(_xlpm.fac="", "BAD NUM", IF(_xlpm.tgt="", "NO VAL", IF(_xlpm.ok,"OK","NG: "&TEXT(_xlpm.diff,"#,##0")) ) ) ) ) ) -> OK | AL8: 3459677.4 | AO8: 3300000 | AP8: 3353225.8 | AQ8: 3140330 | AR8: 3410000 | AS8: 3566129 | AT8: 3300000 | AU8: 3250000 | AV8: 3100000 | AW8: 3350000 | AX8: =SUM(AM8:AW8) -> 29769685
A9: =ROW()-5 -> 4 | B9: 김성환 | C9: =INDEX('정직원 (2)'!$B$4:$B$10,MATCH(임금대장!B9,'정직원 (2)'!$C$4:$C$10,0)) -> 핫 | D9: =VLOOKUP(B9,'정직원 (2)'!$C$4:$F$10,4,0) -> 970504-1019024 | E9: =VLOOKUP(B9,'정직원 (2)'!$C$4:$J$81,8,0) -> 45278 | F9: =VLOOKUP(B9,'정직원 (2)'!$C$4:$L$81,10,0) -> 0 | G9: =VLOOKUP(B9,'정직원 (2)'!$C$4:$F$81,3,0) -> 3500000 | H9: =ROUNDDOWN(G9/291,0) -> 12027 | I9: =ROUNDDOWN(($G9/291*209),0) -> 2513745 | J9: =ROUNDUP(($G9/291*65.2),0) -> 784193 | K9: =ROUNDUP(($G9/291*8.8),0) -> 105842 | L9: =VLOOKUP(B9,'정직원 (2)'!$C$4:$O$95,13,0) -> 0 | M9: =ROUNDUP(($G9/291*8),0) -> 96220 | N9: =IF(OR(AI9="",AI9=0),0, IF(ISNUMBER(SEARCH("추가",AI9)), G9/$O$3*VALUE(SUBSTITUTE(SUBSTITUTE(TRIM(AI9)," ",""),"추가","")), 0)) -> 282258.06 | O9: =$O$3-P9 -> 31 | P9: =IF(ISNUMBER(SEARCH("차감",AI9)), VALUE(SUBSTITUTE(SUBSTITUTE(SUBSTITUTE(TRIM(AI9)," ",""),"차감",""),"일","")), IF(AND(YEAR(F9)=$M$3,MONTH(F9)=$N$3),$O$3-DAY(F9), IF(AND(YEAR(E9)=$M$3,MONTH(E9)=$N$3),DAY(E9)-1,0))) -> 0 | Q9: =ROUNDDOWN(G9/$O$3*P9,-1) -> 0 | S9: =ROUNDDOWN(H9*R9,-1) -> 0 | T9: =G9-Q9-S9+N9+L9 -> 3782258.1 | U9: 1800000 | V9: 1 | W9: =A9 -> 4 | X9: =B9 -> 김성환 | Y9: =IF(T9<800000,0,(VLOOKUP(T9,'세액표(1202)'!A:L,V9+1))) -> 163920 | Z9: =ROUNDDOWN(Y9*10%,-1) -> 16390 | AA9: 169950 | AB9: =ROUNDDOWN(T9*3.595%,-1) -> 135970 | AC9: =ROUNDDOWN(AB9*13.14%,-1) -> 17860 | AD9: =ROUNDDOWN(T9*0.9%,-1) -> 34040 | AE9: =L9 -> 0 | AG9: =SUM(Y9:AF9) -> 538130 | AH9: =T9-AG9 -> 3244128.1 | AI9: =VLOOKUP(D9,'정직원 (2)'!$F$4:$M$90,8,0) -> 2.5추가 | AJ9: =DATEDIF(DATE(IF(VALUE(LEFT(D9,2))>22,1900,2000)+VALUE(LEFT(D9,2)),VALUE(MID(D9,3,2)),VALUE(MID(D9,5,2))),TODAY(),"Y") -> 28 | AK9: =_xlfn.LET( _xlpm.tag0, AI9, _xlpm.tag, TRIM(SUBSTITUTE(SUBSTITUTE(_xlpm.tag0," ",""),CHAR(160),"")), _xlpm.hasAdd, ISNUMBER(SEARCH("추가",_xlpm.tag)), _xlpm.hasSub, ISNUMBER(SEARCH("차감",_xlpm.tag)), _xlpm.rawText, SUBSTITUTE(SUBSTITUTE(_xlpm.tag,"추가",""),"차감",""), _xlpm.fac, IFERROR(VALUE(_xlpm.rawText),""), _xlpm.base, G9, _xlpm.denom, $O$3, _xlpm.expected, IF(_xlpm.hasAdd, _xlpm.base/_xlpm.denom*_xlpm.fac, IF(_xlpm.hasSub, ROUNDDOWN(_xlpm.base/_xlpm.denom*_xlpm.fac,-1),"")), _xlpm.tgt0, IF(_xlpm.hasSub, Q9, IF(_xlpm.hasAdd, N9, "")), _xlpm.tgt, IF(_xlpm.tgt0="","",IFERROR(1*SUBSTITUTE(_xlpm.tgt0,",",""),"")), _xlpm.diff, IF(AND(_xlpm.expected<>"",_xlpm.tgt<>""), _xlpm.tgt-_xlpm.expected,""), _xlpm.ok, IF(_xlpm.diff<>"", ABS(_xlpm.diff)<=1, FALSE), IF(_xlpm.tag="", "NO TAG", IF(NOT(OR(_xlpm.hasAdd,_xlpm.hasSub)), "INVALID TAG", IF(_xlpm.fac="", "BAD NUM", IF(_xlpm.tgt="", "NO VAL", IF(_xlpm.ok,"OK","NG: "&TEXT(_xlpm.diff,"#,##0")) ) ) ) ) ) -> OK | AL9: 3669354.8 | AO9: 4200000 | AP9: 3500000 | AQ9: 3630650 | AR9: 4050000 | AS9: 3895161.3 | AT9: 3500000 | AU9: 3556452 | AV9: 3500000 | AW9: 3969355 | AX9: =SUM(AM9:AW9) -> 33801618
A10: =ROW()-5 -> 5 | B10: 강수정 | C10: =INDEX('정직원 (2)'!$B$4:$B$10,MATCH(임금대장!B10,'정직원 (2)'!$C$4:$C$10,0)) -> 핫 | D10: =VLOOKUP(B10,'정직원 (2)'!$C$4:$F$10,4,0) -> 970726-2155815 | E10: =VLOOKUP(B10,'정직원 (2)'!$C$4:$J$81,8,0) -> 45369 | F10: =VLOOKUP(B10,'정직원 (2)'!$C$4:$L$81,10,0) -> 0 | G10: =VLOOKUP(B10,'정직원 (2)'!$C$4:$F$81,3,0) -> 3500000 | H10: =ROUNDDOWN(G10/291,0) -> 12027 | I10: =ROUNDDOWN(($G10/291*209),0) -> 2513745 | J10: =ROUNDUP(($G10/291*65.2),0) -> 784193 | K10: =ROUNDUP(($G10/291*8.8),0) -> 105842 | L10: =VLOOKUP(B10,'정직원 (2)'!$C$4:$O$95,13,0) -> 0 | M10: =ROUNDUP(($G10/291*8),0) -> 96220 | N10: =IF(OR(AI10="",AI10=0),0, IF(ISNUMBER(SEARCH("추가",AI10)), G10/$O$3*VALUE(SUBSTITUTE(SUBSTITUTE(TRIM(AI10)," ",""),"추가","")), 0)) -> 169354.84 | O10: =$O$3-P10 -> 31 | P10: =IF(ISNUMBER(SEARCH("차감",AI10)), VALUE(SUBSTITUTE(SUBSTITUTE(SUBSTITUTE(TRIM(AI10)," ",""),"차감",""),"일","")), IF(AND(YEAR(F10)=$M$3,MONTH(F10)=$N$3),$O$3-DAY(F10), IF(AND(YEAR(E10)=$M$3,MONTH(E10)=$N$3),DAY(E10)-1,0))) -> 0 | Q10: =ROUNDDOWN(G10/$O$3*P10,-1) -> 0 | S10: =ROUNDDOWN(H10*R10,-1) -> 0 | T10: =G10-Q10-S10+N10+L10 -> 3669354.8 | U10: 1800000 | V10: 1 | W10: =A10 -> 5 | X10: =B10 -> 강수정 | Y10: =IF(T10<800000,0,(VLOOKUP(T10,'세액표(1202)'!A:L,V10+1))) -> 144330 | Z10: =ROUNDDOWN(Y10*10%,-1) -> 14430 | AA10: 154890 | AB10: =ROUNDDOWN(T10*3.595%,-1) -> 131910 | AC10: =ROUNDDOWN(AB10*13.14%,-1) -> 17330 | AD10: =ROUNDDOWN(T10*0.9%,-1) -> 33020 | AE10: =L10 -> 0 | AG10: =SUM(Y10:AF10) -> 495910 | AH10: =T10-AG10 -> 3173444.8 | AI10: =VLOOKUP(D10,'정직원 (2)'!$F$4:$M$90,8,0) -> 1.5추가 | AJ10: =DATEDIF(DATE(IF(VALUE(LEFT(D10,2))>22,1900,2000)+VALUE(LEFT(D10,2)),VALUE(MID(D10,3,2)),VALUE(MID(D10,5,2))),TODAY(),"Y") -> 28 | AK10: =_xlfn.LET( _xlpm.tag0, AI10, _xlpm.tag, TRIM(SUBSTITUTE(SUBSTITUTE(_xlpm.tag0," ",""),CHAR(160),"")), _xlpm.hasAdd, ISNUMBER(SEARCH("추가",_xlpm.tag)), _xlpm.hasSub, ISNUMBER(SEARCH("차감",_xlpm.tag)), _xlpm.rawText, SUBSTITUTE(SUBSTITUTE(_xlpm.tag,"추가",""),"차감",""), _xlpm.fac, IFERROR(VALUE(_xlpm.rawText),""), _xlpm.base, G10, _xlpm.denom, $O$3, _xlpm.expected, IF(_xlpm.hasAdd, _xlpm.base/_xlpm.denom*_xlpm.fac, IF(_xlpm.hasSub, ROUNDDOWN(_xlpm.base/_xlpm.denom*_xlpm.fac,-1),"")), _xlpm.tgt0, IF(_xlpm.hasSub, Q10, IF(_xlpm.hasAdd, N10, "")), _xlpm.tgt, IF(_xlpm.tgt0="","",IFERROR(1*SUBSTITUTE(_xlpm.tgt0,",",""),"")), _xlpm.diff, IF(AND(_xlpm.expected<>"",_xlpm.tgt<>""), _xlpm.tgt-_xlpm.expected,""), _xlpm.ok, IF(_xlpm.diff<>"", ABS(_xlpm.diff)<=1, FALSE), IF(_xlpm.tag="", "NO TAG", IF(NOT(OR(_xlpm.hasAdd,_xlpm.hasSub)), "INVALID TAG", IF(_xlpm.fac="", "BAD NUM", IF(_xlpm.tgt="", "NO VAL", IF(_xlpm.ok,"OK","NG: "&TEXT(_xlpm.diff,"#,##0")) ) ) ) ) ) -> OK | AL10: 3669354.8 | AO10: 4100000 | AP10: 3400000 | AQ10: 3333880 | AR10: 3720000 | AS10: 3566129 | AT10: 3410000 | AU10: 3251613 | AV10: 3200000 | AW10: 3654839 | AX10: =SUM(AM10:AW10) -> 31636461
A11: =ROW()-5 -> 6 | B11: 장준수 | C11: =INDEX('정직원 (2)'!$B$4:$B$10,MATCH(임금대장!B11,'정직원 (2)'!$C$4:$C$10,0)) -> 홀 | D11: =VLOOKUP(B11,'정직원 (2)'!$C$4:$F$10,4,0) -> 890417-1709714 | E11: =VLOOKUP(B11,'정직원 (2)'!$C$4:$J$81,8,0) -> 45355 | F11: =VLOOKUP(B11,'정직원 (2)'!$C$4:$L$81,10,0) -> 0 | G11: =VLOOKUP(B11,'정직원 (2)'!$C$4:$F$81,3,0) -> 3500000 | H11: =ROUNDDOWN(G11/291,0) -> 12027 | I11: =ROUNDDOWN(($G11/291*209),0) -> 2513745 | J11: =ROUNDUP(($G11/291*65.2),0) -> 784193 | K11: =ROUNDUP(($G11/291*8.8),0) -> 105842 | L11: =VLOOKUP(B11,'정직원 (2)'!$C$4:$O$95,13,0) -> 0 | M11: =ROUNDUP(($G11/291*8),0) -> 96220 | N11: =IF(OR(AI11="",AI11=0),0, IF(ISNUMBER(SEARCH("추가",AI11)), G11/$O$3*VALUE(SUBSTITUTE(SUBSTITUTE(TRIM(AI11)," ",""),"추가","")), 0)) -> 169354.84 | O11: =$O$3-P11 -> 31 | P11: =IF(ISNUMBER(SEARCH("차감",AI11)), VALUE(SUBSTITUTE(SUBSTITUTE(SUBSTITUTE(TRIM(AI11)," ",""),"차감",""),"일","")), IF(AND(YEAR(F11)=$M$3,MONTH(F11)=$N$3),$O$3-DAY(F11), IF(AND(YEAR(E11)=$M$3,MONTH(E11)=$N$3),DAY(E11)-1,0))) -> 0 | Q11: =ROUNDDOWN(G11/$O$3*P11,-1) -> 0 | S11: =ROUNDDOWN(H11*R11,-1) -> 0 | T11: =G11-Q11-S11+N11+L11 -> 3669354.8 | U11: 1800000 | V11: 1 | W11: =A11 -> 6 | X11: =B11 -> 장준수 | Y11: =IF(T11<800000,0,(VLOOKUP(T11,'세액표(1202)'!A:L,V11+1))) -> 144330 | Z11: =ROUNDDOWN(Y11*10%,-1) -> 14430 | AA11: 163210 | AB11: =ROUNDDOWN(T11*3.595%,-1) -> 131910 | AC11: =ROUNDDOWN(AB11*13.14%,-1) -> 17330 | AD11: =ROUNDDOWN(T11*0.9%,-1) -> 33020 | AE11: =L11 -> 0 | AG11: =SUM(Y11:AF11) -> 504230 | AH11: =T11-AG11 -> 3165124.8 | AI11: =VLOOKUP(D11,'정직원 (2)'!$F$4:$M$90,8,0) -> 1.5추가 | AJ11: =DATEDIF(DATE(IF(VALUE(LEFT(D11,2))>22,1900,2000)+VALUE(LEFT(D11,2)),VALUE(MID(D11,3,2)),VALUE(MID(D11,5,2))),TODAY(),"Y") -> 36 | AK11: =_xlfn.LET( _xlpm.tag0, AI11, _xlpm.tag, TRIM(SUBSTITUTE(SUBSTITUTE(_xlpm.tag0," ",""),CHAR(160),"")), _xlpm.hasAdd, ISNUMBER(SEARCH("추가",_xlpm.tag)), _xlpm.hasSub, ISNUMBER(SEARCH("차감",_xlpm.tag)), _xlpm.rawText, SUBSTITUTE(SUBSTITUTE(_xlpm.tag,"추가",""),"차감",""), _xlpm.fac, IFERROR(VALUE(_xlpm.rawText),""), _xlpm.base, G11, _xlpm.denom, $O$3, _xlpm.expected, IF(_xlpm.hasAdd, _xlpm.base/_xlpm.denom*_xlpm.fac, IF(_xlpm.hasSub, ROUNDDOWN(_xlpm.base/_xlpm.denom*_xlpm.fac,-1),"")), _xlpm.tgt0, IF(_xlpm.hasSub, Q11, IF(_xlpm.hasAdd, N11, "")), _xlpm.tgt, IF(_xlpm.tgt0="","",IFERROR(1*SUBSTITUTE(_xlpm.tgt0,",",""),"")), _xlpm.diff, IF(AND(_xlpm.expected<>"",_xlpm.tgt<>""), _xlpm.tgt-_xlpm.expected,""), _xlpm.ok, IF(_xlpm.diff<>"", ABS(_xlpm.diff)<=1, FALSE), IF(_xlpm.tag="", "NO TAG", IF(NOT(OR(_xlpm.hasAdd,_xlpm.hasSub)), "INVALID TAG", IF(_xlpm.fac="", "BAD NUM", IF(_xlpm.tgt="", "NO VAL", IF(_xlpm.ok,"OK","NG: "&TEXT(_xlpm.diff,"#,##0")) ) ) ) ) ) -> OK | AL11: 3969354.8 | AO11: 3975000 | AP11: 3838709.7 | AQ11: 3330650 | AR11: 4108333.3 | AS11: 4008064.5 | AT11: 3616666.7 | AU11: 3782258 | AV11: 3625000 | AW11: 3856452 | AX11: =SUM(AM11:AW11) -> 34141134
A12: =ROW()-5 -> 7 | B12: 강정애 | C12: =INDEX('정직원 (2)'!$B$4:$B$10,MATCH(임금대장!B12,'정직원 (2)'!$C$4:$C$10,0)) -> 샐러드 | D12: =VLOOKUP(B12,'정직원 (2)'!$C$4:$F$10,4,0) -> 621005-6100899 | E12: 45484 | F12: =VLOOKUP(B12,'정직원 (2)'!$C$4:$L$81,10,0) -> 0 | G12: =VLOOKUP(B12,'정직원 (2)'!$C$4:$F$81,3,0) -> 3300000 | H12: =ROUNDDOWN(G12/291,0) -> 11340 | I12: =ROUNDDOWN(($G12/291*209),0) -> 2370103 | J12: =ROUNDUP(($G12/291*65.2),0) -> 739382 | K12: =ROUNDUP(($G12/291*8.8),0) -> 99794 | L12: =VLOOKUP(B12,'정직원 (2)'!$C$4:$O$95,13,0) -> 0 | M12: =ROUNDUP(($G12/291*8),0) -> 90722 | N12: =IF(OR(AI12="",AI12=0),0, IF(ISNUMBER(SEARCH("추가",AI12)), G12/$O$3*VALUE(SUBSTITUTE(SUBSTITUTE(TRIM(AI12)," ",""),"추가","")), 0)) -> 53225.806 | O12: =$O$3-P12 -> 31 | P12: =IF(ISNUMBER(SEARCH("차감",AI12)), VALUE(SUBSTITUTE(SUBSTITUTE(SUBSTITUTE(TRIM(AI12)," ",""),"차감",""),"일","")), IF(AND(YEAR(F12)=$M$3,MONTH(F12)=$N$3),$O$3-DAY(F12), IF(AND(YEAR(E12)=$M$3,MONTH(E12)=$N$3),DAY(E12)-1,0))) -> 0 | Q12: =ROUNDDOWN(G12/$O$3*P12,-1) -> 0 | S12: =ROUNDDOWN(H12*R12,-1) -> 0 | T12: =G12-Q12-S12+N12+L12 -> 3353225.8 | U12: 1800000 | V12: 1 | W12: =A12 -> 7 | X12: =B12 -> 강정애 | Y12: =IF(T12<800000,0,(VLOOKUP(T12,'세액표(1202)'!A:L,V12+1))) -> 105210 | Z12: =ROUNDDOWN(Y12*10%,-1) -> 10520 | AB12: =ROUNDDOWN(T12*3.595%,-1) -> 120540 | AC12: =ROUNDDOWN(AB12*13.14%,-1) -> 15830 | AD12: =ROUNDDOWN(T12*0.9%,-1) -> 30170 | AE12: =L12 -> 0 | AG12: =SUM(Y12:AF12) -> 282270 | AH12: =T12-AG12 -> 3070955.8 | AI12: =VLOOKUP(D12,'정직원 (2)'!$F$4:$M$90,8,0) -> 0.5추가 | AJ12: =DATEDIF(DATE(IF(VALUE(LEFT(D12,2))>22,1900,2000)+VALUE(LEFT(D12,2)),VALUE(MID(D12,3,2)),VALUE(MID(D12,5,2))),TODAY(),"Y") -> 63 | AK12: =_xlfn.LET( _xlpm.tag0, AI12, _xlpm.tag, TRIM(SUBSTITUTE(SUBSTITUTE(_xlpm.tag0," ",""),CHAR(160),"")), _xlpm.hasAdd, ISNUMBER(SEARCH("추가",_xlpm.tag)), _xlpm.hasSub, ISNUMBER(SEARCH("차감",_xlpm.tag)), _xlpm.rawText, SUBSTITUTE(SUBSTITUTE(_xlpm.tag,"추가",""),"차감",""), _xlpm.fac, IFERROR(VALUE(_xlpm.rawText),""), _xlpm.base, G12, _xlpm.denom, $O$3, _xlpm.expected, IF(_xlpm.hasAdd, _xlpm.base/_xlpm.denom*_xlpm.fac, IF(_xlpm.hasSub, ROUNDDOWN(_xlpm.base/_xlpm.denom*_xlpm.fac,-1),"")), _xlpm.tgt0, IF(_xlpm.hasSub, Q12, IF(_xlpm.hasAdd, N12, "")), _xlpm.tgt, IF(_xlpm.tgt0="","",IFERROR(1*SUBSTITUTE(_xlpm.tgt0,",",""),"")), _xlpm.diff, IF(AND(_xlpm.expected<>"",_xlpm.tgt<>""), _xlpm.tgt-_xlpm.expected,""), _xlpm.ok, IF(_xlpm.diff<>"", ABS(_xlpm.diff)<=1, FALSE), IF(_xlpm.tag="", "NO TAG", IF(NOT(OR(_xlpm.hasAdd,_xlpm.hasSub)), "INVALID TAG", IF(_xlpm.fac="", "BAD NUM", IF(_xlpm.tgt="", "NO VAL", IF(_xlpm.ok,"OK","NG: "&TEXT(_xlpm.diff,"#,##0")) ) ) ) ) ) -> OK | AL12: 3353225.8 | AO12: 3300000 | AP12: 3353225.8 | AQ12: 3440330 | AR12: 3610000 | AS12: 3459677.4 | AT12: 3300000 | AU12: 3354839 | AV12: 3200000 | AW12: 3451613 | AX12: =SUM(AM12:AW12) -> 30469685
A13: =ROW()-5 -> 8 | B13: 김금희 | C13: =INDEX('정직원 (2)'!$B$4:$B$20,MATCH(임금대장!B13,'정직원 (2)'!$C$4:$C$20,0)) -> 0 | D13: =VLOOKUP(B13,'정직원 (2)'!$C$4:$F$20,4,0) -> 700318-2018314 | E13: =VLOOKUP(B13,'정직원 (2)'!$C$4:$J$81,8,0) -> 45499 | F13: =VLOOKUP(B13,'정직원 (2)'!$C$4:$L$81,10,0) -> 0 | G13: =VLOOKUP(B13,'정직원 (2)'!$C$4:$F$81,3,0) -> 2300000 | H13: =ROUNDDOWN(G13/217,0) -> 10599 | I13: =ROUNDDOWN(($G13/291*209),0) -> 1651890 | J13: =ROUNDDOWN(($G13/291*65.2),0) -> 515326 | K13: =ROUNDUP(($G13/291*8.8),0) -> 69554 | L13: =VLOOKUP(B13,'정직원 (2)'!$C$4:$O$95,13,0) -> 0 | M13: =ROUNDDOWN(($G13/291*8),0) -> 63230 | N13: =IF(OR(AI13="",AI13=0),0, IF(ISNUMBER(SEARCH("추가",AI13)), G13/$O$3*VALUE(SUBSTITUTE(SUBSTITUTE(TRIM(AI13)," ",""),"추가","")), 0)) -> 37096.774 | O13: =$O$3-P13 -> 31 | P13: =IF(ISNUMBER(SEARCH("차감",AI13)), VALUE(SUBSTITUTE(SUBSTITUTE(SUBSTITUTE(TRIM(AI13)," ",""),"차감",""),"일","")), IF(AND(YEAR(F13)=$M$3,MONTH(F13)=$N$3),$O$3-DAY(F13), IF(AND(YEAR(E13)=$M$3,MONTH(E13)=$N$3),DAY(E13)-1,0))) -> 0 | Q13: =ROUNDDOWN(G13/$O$3*P13,-1) -> 0 | S13: =ROUNDDOWN(H13*R13,-1) -> 0 | T13: =G13-Q13-S13+N13+L13 -> 2337096.8 | U13: 1800000 | V13: 1 | W13: =A13 -> 8 | X13: =B13 -> 김금희 | Y13: =IF(T13<800000,0,(VLOOKUP(T13,'세액표(1202)'!A:L,V13+1))) -> 29810 | Z13: =ROUNDDOWN(Y13*10%,-1) -> 2980 | AA13: 112290 | AB13: =ROUNDDOWN(T13*3.595%,-1) -> 84010 | AC13: =ROUNDDOWN(AB13*13.14%,-1) -> 11030 | AD13: =ROUNDDOWN(T13*0.9%,-1) -> 21030 | AE13: =L13 -> 0 | AG13: =SUM(Y13:AF13) -> 261150 | AH13: =T13-AG13 -> 2075946.8 | AI13: =VLOOKUP(D13,'정직원 (2)'!$F$4:$M$90,8,0) -> 0.5추가 | AJ13: =DATEDIF(DATE(IF(VALUE(LEFT(D13,2))>22,1900,2000)+VALUE(LEFT(D13,2)),VALUE(MID(D13,3,2)),VALUE(MID(D13,5,2))),TODAY(),"Y") -> 55 | AK13: =_xlfn.LET( _xlpm.tag0, AI13, _xlpm.tag, TRIM(SUBSTITUTE(SUBSTITUTE(_xlpm.tag0," ",""),CHAR(160),"")), _xlpm.hasAdd, ISNUMBER(SEARCH("추가",_xlpm.tag)), _xlpm.hasSub, ISNUMBER(SEARCH("차감",_xlpm.tag)), _xlpm.rawText, SUBSTITUTE(SUBSTITUTE(_xlpm.tag,"추가",""),"차감",""), _xlpm.fac, IFERROR(VALUE(_xlpm.rawText),""), _xlpm.base, G13, _xlpm.denom, $O$3, _xlpm.expected, IF(_xlpm.hasAdd, _xlpm.base/_xlpm.denom*_xlpm.fac, IF(_xlpm.hasSub, ROUNDDOWN(_xlpm.base/_xlpm.denom*_xlpm.fac,-1),"")), _xlpm.tgt0, IF(_xlpm.hasSub, Q13, IF(_xlpm.hasAdd, N13, "")), _xlpm.tgt, IF(_xlpm.tgt0="","",IFERROR(1*SUBSTITUTE(_xlpm.tgt0,",",""),"")), _xlpm.diff, IF(AND(_xlpm.expected<>"",_xlpm.tgt<>""), _xlpm.tgt-_xlpm.expected,""), _xlpm.ok, IF(_xlpm.diff<>"", ABS(_xlpm.diff)<=1, FALSE), IF(_xlpm.tag="", "NO TAG", IF(NOT(OR(_xlpm.hasAdd,_xlpm.hasSub)), "INVALID TAG", IF(_xlpm.fac="", "BAD NUM", IF(_xlpm.tgt="", "NO VAL", IF(_xlpm.ok,"OK","NG: "&TEXT(_xlpm.diff,"#,##0")) ) ) ) ) ) -> OK | AL13: 2337096.8 | AO13: 2300000 | AP13: 2337096.8 | AQ13: 2114520 | AR13: 2376666.7 | AS13: 2411290.3 | AT13: 2300000 | AU13: 2337097 | AV13: 2300000 | AW13: 2537097 | AX13: =SUM(AM13:AW13) -> 21013768
A14: =ROW()-5 -> 9 | B14: 서헌규 | C14: =INDEX('정직원 (2)'!$B$4:$B$20,MATCH(임금대장!B14,'정직원 (2)'!$C$4:$C$20,0)) -> 0 | D14: =VLOOKUP(B14,'정직원 (2)'!$C$4:$F$20,4,0) -> 921204-1748215 | E14: =VLOOKUP(B14,'정직원 (2)'!$C$4:$J$81,8,0) -> 45502 | F14: =VLOOKUP(B14,'정직원 (2)'!$C$4:$L$81,10,0) -> 0 | G14: =VLOOKUP(B14,'정직원 (2)'!$C$4:$F$81,3,0) -> 3400000 | H14: =ROUNDDOWN(G14/291,0) -> 11683 | I14: =ROUNDDOWN(($G14/291*209),0) -> 2441924 | J14: =ROUNDUP(($G14/291*65.2),0) -> 761787 | K14: =ROUNDUP(($G14/291*8.8),0) -> 102818 | L14: =VLOOKUP(B14,'정직원 (2)'!$C$4:$O$95,13,0) -> 0 | M14: =ROUNDUP(($G14/291*8),0) -> 93471 | N14: =IF(OR(AI14="",AI14=0),0, IF(ISNUMBER(SEARCH("추가",AI14)), G14/$O$3*VALUE(SUBSTITUTE(SUBSTITUTE(TRIM(AI14)," ",""),"추가","")), 0)) -> 164516.13 | O14: =$O$3-P14 -> 31 | P14: =IF(ISNUMBER(SEARCH("차감",AI14)), VALUE(SUBSTITUTE(SUBSTITUTE(SUBSTITUTE(TRIM(AI14)," ",""),"차감",""),"일","")), IF(AND(YEAR(F14)=$M$3,MONTH(F14)=$N$3),$O$3-DAY(F14), IF(AND(YEAR(E14)=$M$3,MONTH(E14)=$N$3),DAY(E14)-1,0))) -> 0 | Q14: =ROUNDDOWN(G14/$O$3*P14,-1) -> 0 | S14: =ROUNDDOWN(H14*R14,-1) -> 0 | T14: =G14-Q14-S14+N14+L14 -> 3564516.1 | U14: 1800000 | V14: 1 | W14: =A14 -> 9 | X14: =B14 -> 서헌규 | Y14: =IF(T14<800000,0,(VLOOKUP(T14,'세액표(1202)'!A:L,V14+1))) -> 132110 | Z14: =ROUNDDOWN(Y14*10%,-1) -> 13210 | AA14: 160020 | AB14: =ROUNDDOWN(T14*3.595%,-1) -> 128140 | AC14: =ROUNDDOWN(AB14*13.14%,-1) -> 16830 | AD14: =ROUNDDOWN(T14*0.9%,-1) -> 32080 | AE14: =L14 -> 0 | AG14: =SUM(Y14:AF14) -> 482390 | AH14: =T14-AG14 -> 3082126.1 | AI14: =VLOOKUP(D14,'정직원 (2)'!$F$4:$M$90,8,0) -> 1.5추가 | AJ14: =DATEDIF(DATE(IF(VALUE(LEFT(D14,2))>22,1900,2000)+VALUE(LEFT(D14,2)),VALUE(MID(D14,3,2)),VALUE(MID(D14,5,2))),TODAY(),"Y") -> 33 | AK14: =_xlfn.LET( _xlpm.tag0, AI14, _xlpm.tag, TRIM(SUBSTITUTE(SUBSTITUTE(_xlpm.tag0," ",""),CHAR(160),"")), _xlpm.hasAdd, ISNUMBER(SEARCH("추가",_xlpm.tag)), _xlpm.hasSub, ISNUMBER(SEARCH("차감",_xlpm.tag)), _xlpm.rawText, SUBSTITUTE(SUBSTITUTE(_xlpm.tag,"추가",""),"차감",""), _xlpm.fac, IFERROR(VALUE(_xlpm.rawText),""), _xlpm.base, G14, _xlpm.denom, $O$3, _xlpm.expected, IF(_xlpm.hasAdd, _xlpm.base/_xlpm.denom*_xlpm.fac, IF(_xlpm.hasSub, ROUNDDOWN(_xlpm.base/_xlpm.denom*_xlpm.fac,-1),"")), _xlpm.tgt0, IF(_xlpm.hasSub, Q14, IF(_xlpm.hasAdd, N14, "")), _xlpm.tgt, IF(_xlpm.tgt0="","",IFERROR(1*SUBSTITUTE(_xlpm.tgt0,",",""),"")), _xlpm.diff, IF(AND(_xlpm.expected<>"",_xlpm.tgt<>""), _xlpm.tgt-_xlpm.expected,""), _xlpm.ok, IF(_xlpm.diff<>"", ABS(_xlpm.diff)<=1, FALSE), IF(_xlpm.tag="", "NO TAG", IF(NOT(OR(_xlpm.hasAdd,_xlpm.hasSub)), "INVALID TAG", IF(_xlpm.fac="", "BAD NUM", IF(_xlpm.tgt="", "NO VAL", IF(_xlpm.ok,"OK","NG: "&TEXT(_xlpm.diff,"#,##0")) ) ) ) ) ) -> OK | AL14: 3454838.7 | AO14: 3410000 | AP14: 3566129 | AQ14: 3045170 | AR14: 3520000 | AS14: 3561290.3 | AT14: 3200000 | AU14: 3354839 | AV14: 3314285.7 | AW14: 3551613 | AX14: =SUM(AM14:AW14) -> 30523327
A15: =ROW()-5 -> 10 | B15: 김선월 | C15: =INDEX('정직원 (2)'!$B$4:$B$20,MATCH(임금대장!B15,'정직원 (2)'!$C$4:$C$20,0)) -> 샐러드 | D15: =VLOOKUP(B15,'정직원 (2)'!$C$4:$F$20,4,0) -> 631004-6320198 | E15: =VLOOKUP(B15,'정직원 (2)'!$C$4:$J$81,8,0) -> 45610 | F15: =VLOOKUP(B15,'정직원 (2)'!$C$4:$L$81,10,0) -> 0 | G15: =VLOOKUP(B15,'정직원 (2)'!$C$4:$F$81,3,0) -> 3300000 | H15: =ROUNDDOWN(G15/291,0) -> 11340 | I15: =ROUNDDOWN(($G15/291*209),0) -> 2370103 | J15: =ROUNDDOWN(($G15/291*65.2),0) -> 739381 | K15: =ROUNDUP(($G15/291*8.8),0) -> 99794 | L15: =VLOOKUP(B15,'정직원 (2)'!$C$4:$O$95,13,0) -> 0 | M15: =ROUNDUP(($G15/291*8),0) -> 90722 | N15: =IF(OR(AI15="",AI15=0),0, IF(ISNUMBER(SEARCH("추가",AI15)), G15/$O$3*VALUE(SUBSTITUTE(SUBSTITUTE(TRIM(AI15)," ",""),"추가","")), 0)) -> 53225.806 | O15: =$O$3-P15 -> 31 | P15: =IF(ISNUMBER(SEARCH("차감",AI15)), VALUE(SUBSTITUTE(SUBSTITUTE(SUBSTITUTE(TRIM(AI15)," ",""),"차감",""),"일","")), IF(AND(YEAR(F15)=$M$3,MONTH(F15)=$N$3),$O$3-DAY(F15), IF(AND(YEAR(E15)=$M$3,MONTH(E15)=$N$3),DAY(E15)-1,0))) -> 0 | Q15: =ROUNDDOWN(G15/$O$3*P15,-1) -> 0 | S15: =ROUNDDOWN(H15*R15,-1) -> 0 | T15: =G15-Q15-S15+N15+L15 -> 3353225.8 | U15: 1800000 | V15: 1 | W15: =A15 -> 10 | X15: =B15 -> 김선월 | Y15: =IF(T15<800000,0,(VLOOKUP(T15,'세액표(1202)'!A:L,V15+1))) -> 105210 | Z15: =ROUNDDOWN(Y15*10%,-1) -> 10520 | AB15: =ROUNDDOWN(T15*3.595%,-1) -> 120540 | AC15: =ROUNDDOWN(AB15*13.14%,-1) -> 15830 | AE15: =L15 -> 0 | AG15: =SUM(Y15:AF15) -> 252100 | AH15: =T15-AG15 -> 3101125.8 | AI15: =VLOOKUP(D15,'정직원 (2)'!$F$4:$M$90,8,0) -> 0.5추가 | AJ15: =DATEDIF(DATE(IF(VALUE(LEFT(D15,2))>22,1900,2000)+VALUE(LEFT(D15,2)),VALUE(MID(D15,3,2)),VALUE(MID(D15,5,2))),TODAY(),"Y") -> 62 | AK15: =_xlfn.LET( _xlpm.tag0, AI15, _xlpm.tag, TRIM(SUBSTITUTE(SUBSTITUTE(_xlpm.tag0," ",""),CHAR(160),"")), _xlpm.hasAdd, ISNUMBER(SEARCH("추가",_xlpm.tag)), _xlpm.hasSub, ISNUMBER(SEARCH("차감",_xlpm.tag)), _xlpm.rawText, SUBSTITUTE(SUBSTITUTE(_xlpm.tag,"추가",""),"차감",""), _xlpm.fac, IFERROR(VALUE(_xlpm.rawText),""), _xlpm.base, G15, _xlpm.denom, $O$3, _xlpm.expected, IF(_xlpm.hasAdd, _xlpm.base/_xlpm.denom*_xlpm.fac, IF(_xlpm.hasSub, ROUNDDOWN(_xlpm.base/_xlpm.denom*_xlpm.fac,-1),"")), _xlpm.tgt0, IF(_xlpm.hasSub, Q15, IF(_xlpm.hasAdd, N15, "")), _xlpm.tgt, IF(_xlpm.tgt0="","",IFERROR(1*SUBSTITUTE(_xlpm.tgt0,",",""),"")), _xlpm.diff, IF(AND(_xlpm.expected<>"",_xlpm.tgt<>""), _xlpm.tgt-_xlpm.expected,""), _xlpm.ok, IF(_xlpm.diff<>"", ABS(_xlpm.diff)<=1, FALSE), IF(_xlpm.tag="", "NO TAG", IF(NOT(OR(_xlpm.hasAdd,_xlpm.hasSub)), "INVALID TAG", IF(_xlpm.fac="", "BAD NUM", IF(_xlpm.tgt="", "NO VAL", IF(_xlpm.ok,"OK","NG: "&TEXT(_xlpm.diff,"#,##0")) ) ) ) ) ) -> OK | AL15: 3353225.8 | AO15: 3300000 | AP15: 3353225.8 | AQ15: 3140330 | AR15: 3410000 | AS15: 3459677.4 | AT15: 3300000 | AU15: 3459677 | AV15: 3300000 | AW15: 3553226 | AX15: =SUM(AM15:AW15) -> 30276136
A16: =ROW()-5 -> 11 | B16: 유용복 | C16: =INDEX('정직원 (2)'!$B$4:$B$20,MATCH(임금대장!B16,'정직원 (2)'!$C$4:$C$20,0)) -> 0 | D16: =VLOOKUP(B16,'정직원 (2)'!$C$4:$F$20,4,0) -> 880621-1065632 | E16: =VLOOKUP(B16,'정직원 (2)'!$C$4:$J$81,8,0) -> 45649 | F16: =VLOOKUP(B16,'정직원 (2)'!$C$4:$L$81,10,0) -> 0 | G16: =VLOOKUP(B16,'정직원 (2)'!$C$4:$F$81,3,0) -> 3400000 | H16: =ROUNDDOWN(G16/291,0) -> 11683 | I16: =ROUNDUP(($G16/291*209),0) -> 2441925 | J16: =ROUNDDOWN(($G16/291*65.2),0) -> 761786 | K16: =ROUNDUP(($G16/291*8.8),0) -> 102818 | L16: =VLOOKUP(B16,'정직원 (2)'!$C$4:$O$95,13,0) -> 0 | M16: =ROUNDUP(($G16/291*8),0) -> 93471 | N16: =IF(OR(AI16="",AI16=0),0, IF(ISNUMBER(SEARCH("추가",AI16)), G16/$O$3*VALUE(SUBSTITUTE(SUBSTITUTE(TRIM(AI16)," ",""),"추가","")), 0)) -> 54838.71 | O16: =$O$3-P16 -> 31 | P16: =IF(ISNUMBER(SEARCH("차감",AI16)), VALUE(SUBSTITUTE(SUBSTITUTE(SUBSTITUTE(TRIM(AI16)," ",""),"차감",""),"일","")), IF(AND(YEAR(F16)=$M$3,MONTH(F16)=$N$3),$O$3-DAY(F16), IF(AND(YEAR(E16)=$M$3,MONTH(E16)=$N$3),DAY(E16)-1,0))) -> 0 | Q16: =ROUNDDOWN(G16/$O$3*P16,-1) -> 0 | S16: =ROUNDDOWN(H16*R16,-1) -> 0 | T16: =G16-Q16-S16+N16+L16 -> 3454838.7 | U16: 1800000 | V16: 1 | W16: =A16 -> 11 | X16: =B16 -> 유용복 | Y16: =IF(T16<800000,0,(VLOOKUP(T16,'세액표(1202)'!A:L,V16+1))) -> 117440 | Z16: =ROUNDDOWN(Y16*10%,-1) -> 11740 | AA16: 85500 | AB16: =ROUNDDOWN(T16*3.595%,-1) -> 124200 | AC16: =ROUNDDOWN(AB16*13.14%,-1) -> 16310 | AD16: =ROUNDDOWN(T16*0.9%,-1) -> 31090 | AE16: =L16 -> 0 | AG16: =SUM(Y16:AF16) -> 386280 | AH16: =T16-AG16 -> 3068558.7 | AI16: =VLOOKUP(D16,'정직원 (2)'!$F$4:$M$90,8,0) -> 0.5추가 | AJ16: =DATEDIF(DATE(IF(VALUE(LEFT(D16,2))>22,1900,2000)+VALUE(LEFT(D16,2)),VALUE(MID(D16,3,2)),VALUE(MID(D16,5,2))),TODAY(),"Y") -> 37 | AK16: =_xlfn.LET( _xlpm.tag0, AI16, _xlpm.tag, TRIM(SUBSTITUTE(SUBSTITUTE(_xlpm.tag0," ",""),CHAR(160),"")), _xlpm.hasAdd, ISNUMBER(SEARCH("추가",_xlpm.tag)), _xlpm.hasSub, ISNUMBER(SEARCH("차감",_xlpm.tag)), _xlpm.rawText, SUBSTITUTE(SUBSTITUTE(_xlpm.tag,"추가",""),"차감",""), _xlpm.fac, IFERROR(VALUE(_xlpm.rawText),""), _xlpm.base, G16, _xlpm.denom, $O$3, _xlpm.expected, IF(_xlpm.hasAdd, _xlpm.base/_xlpm.denom*_xlpm.fac, IF(_xlpm.hasSub, ROUNDDOWN(_xlpm.base/_xlpm.denom*_xlpm.fac,-1),"")), _xlpm.tgt0, IF(_xlpm.hasSub, Q16, IF(_xlpm.hasAdd, N16, "")), _xlpm.tgt, IF(_xlpm.tgt0="","",IFERROR(1*SUBSTITUTE(_xlpm.tgt0,",",""),"")), _xlpm.diff, IF(AND(_xlpm.expected<>"",_xlpm.tgt<>""), _xlpm.tgt-_xlpm.expected,""), _xlpm.ok, IF(_xlpm.diff<>"", ABS(_xlpm.diff)<=1, FALSE), IF(_xlpm.tag="", "NO TAG", IF(NOT(OR(_xlpm.hasAdd,_xlpm.hasSub)), "INVALID TAG", IF(_xlpm.fac="", "BAD NUM", IF(_xlpm.tgt="", "NO VAL", IF(_xlpm.ok,"OK","NG: "&TEXT(_xlpm.diff,"#,##0")) ) ) ) ) ) -> OK | AL16: 3454838.7 | AO16: 3513333.3 | AP16: 3564516.1 | AQ16: 3148390 | AR16: 3413333.3 | AS16: 3561290.3 | AT16: 3200000 | AU16: 3251613 | AV16: 3314285.7 | AW16: 3400000 | AX16: =SUM(AM16:AW16) -> 30366762
A17: =ROW()-5 -> 12 | B17: 안동화 | C17: =INDEX('정직원 (2)'!$B$4:$B$20,MATCH(임금대장!B17,'정직원 (2)'!$C$4:$C$20,0)) -> 롤 | D17: =VLOOKUP(B17,'정직원 (2)'!$C$4:$F$20,4,0) -> 700928-6101893 | E17: =VLOOKUP(B17,'정직원 (2)'!$C$4:$J$81,8,0) -> 45682 | F17: =VLOOKUP(B17,'정직원 (2)'!$C$4:$L$81,10,0) -> 0 | G17: =VLOOKUP(B17,'정직원 (2)'!$C$4:$F$81,3,0) -> 3400000 | H17: =ROUNDDOWN(G17/291,0) -> 11683 | I17: =ROUNDUP(($G17/291*209),0) -> 2441925 | J17: =ROUNDDOWN(($G17/291*65.2),0) -> 761786 | K17: =ROUNDUP(($G17/291*8.8),0) -> 102818 | L17: =VLOOKUP(B17,'정직원 (2)'!$C$4:$O$95,13,0) -> 0 | M17: =ROUNDUP(($G17/291*8),0) -> 93471 | N17: =IF(OR(AI17="",AI17=0),0, IF(ISNUMBER(SEARCH("추가",AI17)), G17/$O$3*VALUE(SUBSTITUTE(SUBSTITUTE(TRIM(AI17)," ",""),"추가","")), 0)) -> 54838.71 | O17: =$O$3-P17 -> 31 | P17: =IF(ISNUMBER(SEARCH("차감",AI17)), VALUE(SUBSTITUTE(SUBSTITUTE(SUBSTITUTE(TRIM(AI17)," ",""),"차감",""),"일","")), IF(AND(YEAR(F17)=$M$3,MONTH(F17)=$N$3),$O$3-DAY(F17), IF(AND(YEAR(E17)=$M$3,MONTH(E17)=$N$3),DAY(E17)-1,0))) -> 0 | Q17: =ROUNDDOWN(G17/$O$3*P17,-1) -> 0 | S17: =ROUNDDOWN(H17*R17,-1) -> 0 | T17: =G17-Q17-S17+N17+L17 -> 3454838.7 | U17: 1800000 | V17: 1 | W17: =A17 -> 12 | X17: =B17 -> 안동화 | Y17: =IF(T17<800000,0,(VLOOKUP(T17,'세액표(1202)'!A:L,V17+1))) -> 117440 | Z17: =ROUNDDOWN(Y17*10%,-1) -> 11740 | AA17: 85500 | AB17: =ROUNDDOWN(T17*3.595%,-1) -> 124200 | AC17: =ROUNDDOWN(AB17*13.14%,-1) -> 16310 | AD17: =ROUNDDOWN(T17*0.9%,-1) -> 31090 | AE17: =L17 -> 0 | AG17: =SUM(Y17:AF17) -> 386280 | AH17: =T17-AG17 -> 3068558.7 | AI17: =VLOOKUP(D17,'정직원 (2)'!$F$4:$M$25,8,0) -> 0.5추가 | AJ17: =DATEDIF(DATE(IF(VALUE(LEFT(D17,2))>22,1900,2000)+VALUE(LEFT(D17,2)),VALUE(MID(D17,3,2)),VALUE(MID(D17,5,2))),TODAY(),"Y") -> 55 | AK17: =_xlfn.LET( _xlpm.tag0, AI17, _xlpm.tag, TRIM(SUBSTITUTE(SUBSTITUTE(_xlpm.tag0," ",""),CHAR(160),"")), _xlpm.hasAdd, ISNUMBER(SEARCH("추가",_xlpm.tag)), _xlpm.hasSub, ISNUMBER(SEARCH("차감",_xlpm.tag)), _xlpm.rawText, SUBSTITUTE(SUBSTITUTE(_xlpm.tag,"추가",""),"차감",""), _xlpm.fac, IFERROR(VALUE(_xlpm.rawText),""), _xlpm.base, G17, _xlpm.denom, $O$3, _xlpm.expected, IF(_xlpm.hasAdd, _xlpm.base/_xlpm.denom*_xlpm.fac, IF(_xlpm.hasSub, ROUNDDOWN(_xlpm.base/_xlpm.denom*_xlpm.fac,-1),"")), _xlpm.tgt0, IF(_xlpm.hasSub, Q17, IF(_xlpm.hasAdd, N17, "")), _xlpm.tgt, IF(_xlpm.tgt0="","",IFERROR(1*SUBSTITUTE(_xlpm.tgt0,",",""),"")), _xlpm.diff, IF(AND(_xlpm.expected<>"",_xlpm.tgt<>""), _xlpm.tgt-_xlpm.expected,""), _xlpm.ok, IF(_xlpm.diff<>"", ABS(_xlpm.diff)<=1, FALSE), IF(_xlpm.tag="", "NO TAG", IF(NOT(OR(_xlpm.hasAdd,_xlpm.hasSub)), "INVALID TAG", IF(_xlpm.fac="", "BAD NUM", IF(_xlpm.tgt="", "NO VAL", IF(_xlpm.ok,"OK","NG: "&TEXT(_xlpm.diff,"#,##0")) ) ) ) ) ) -> OK | AL17: 3564516.1 | AO17: 3900000 | AP17: 3454838.7 | AQ17: 3440330 | AR17: 3610000 | AS17: 3353225.8 | AT17: 3300000 | AU17: 3566129 | AV17: 3300000 | AW17: 945170 | AX17: =SUM(AM17:AW17) -> 28869694
A18: =ROW()-5 -> 13 | B18: 최장현 | C18: =INDEX('정직원 (2)'!$B$4:$B$20,MATCH(임금대장!B18,'정직원 (2)'!$C$4:$C$20,0)) -> 초다이 | D18: =VLOOKUP(B18,'정직원 (2)'!$C$4:$F$20,4,0) -> 930114-1064818 | E18: =VLOOKUP(B18,'정직원 (2)'!$C$4:$J$81,8,0) -> 45693 | F18: =VLOOKUP(B18,'정직원 (2)'!$C$4:$L$81,10,0) -> 0 | G18: =VLOOKUP(B18,'정직원 (2)'!$C$4:$F$81,3,0) -> 3800000 | H18: =ROUNDDOWN(G18/291,0) -> 13058 | I18: =ROUNDUP(($G18/291*209),0) -> 2729210 | J18: =ROUNDDOWN(($G18/291*65.2),0) -> 851408 | K18: =ROUNDUP(($G18/291*8.8),0) -> 114915 | L18: =VLOOKUP(B18,'정직원 (2)'!$C$4:$O$95,13,0) -> 0 | M18: =ROUNDUP(($G18/291*8),0) -> 104468 | N18: =IF(OR(AI18="",AI18=0),0, IF(ISNUMBER(SEARCH("추가",AI18)), G18/$O$3*VALUE(SUBSTITUTE(SUBSTITUTE(TRIM(AI18)," ",""),"추가","")), 0)) -> 183870.97 | O18: =$O$3-P18 -> 31 | P18: =IF(ISNUMBER(SEARCH("차감",AI18)), VALUE(SUBSTITUTE(SUBSTITUTE(SUBSTITUTE(TRIM(AI18)," ",""),"차감",""),"일","")), IF(AND(YEAR(F18)=$M$3,MONTH(F18)=$N$3),$O$3-DAY(F18), IF(AND(YEAR(E18)=$M$3,MONTH(E18)=$N$3),DAY(E18)-1,0))) -> 0 | Q18: =ROUNDDOWN(G18/$O$3*P18,-1) -> 0 | S18: =ROUNDDOWN(H18*R18,-1) -> 0 | T18: =G18-Q18-S18+N18+L18 -> 3983871 | U18: 1800000 | V18: 1 | W18: =A18 -> 13 | X18: =B18 -> 최장현 | Y18: =IF(T18<800000,0,(VLOOKUP(T18,'세액표(1202)'!A:L,V18+1))) -> 190620 | Z18: =ROUNDDOWN(Y18*10%,-1) -> 19060 | AA18: 85500 | AB18: =ROUNDDOWN(T18*3.595%,-1) -> 143220 | AC18: =ROUNDDOWN(AB18*13.14%,-1) -> 18810 | AD18: =ROUNDDOWN(T18*0.9%,-1) -> 35850 | AE18: =L18 -> 0 | AG18: =SUM(Y18:AF18) -> 493060 | AH18: =T18-AG18 -> 3490811 | AI18: =VLOOKUP(D18,'정직원 (2)'!$F$4:$M$25,8,0) -> 1.5추가 | AJ18: =DATEDIF(DATE(IF(VALUE(LEFT(D18,2))>22,1900,2000)+VALUE(LEFT(D18,2)),VALUE(MID(D18,3,2)),VALUE(MID(D18,5,2))),TODAY(),"Y") -> 33 | AK18: =_xlfn.LET( _xlpm.tag0, AI18, _xlpm.tag, TRIM(SUBSTITUTE(SUBSTITUTE(_xlpm.tag0," ",""),CHAR(160),"")), _xlpm.hasAdd, ISNUMBER(SEARCH("추가",_xlpm.tag)), _xlpm.hasSub, ISNUMBER(SEARCH("차감",_xlpm.tag)), _xlpm.rawText, SUBSTITUTE(SUBSTITUTE(_xlpm.tag,"추가",""),"차감",""), _xlpm.fac, IFERROR(VALUE(_xlpm.rawText),""), _xlpm.base, G18, _xlpm.denom, $O$3, _xlpm.expected, IF(_xlpm.hasAdd, _xlpm.base/_xlpm.denom*_xlpm.fac, IF(_xlpm.hasSub, ROUNDDOWN(_xlpm.base/_xlpm.denom*_xlpm.fac,-1),"")), _xlpm.tgt0, IF(_xlpm.hasSub, Q18, IF(_xlpm.hasAdd, N18, "")), _xlpm.tgt, IF(_xlpm.tgt0="","",IFERROR(1*SUBSTITUTE(_xlpm.tgt0,",",""),"")), _xlpm.diff, IF(AND(_xlpm.expected<>"",_xlpm.tgt<>""), _xlpm.tgt-_xlpm.expected,""), _xlpm.ok, IF(_xlpm.diff<>"", ABS(_xlpm.diff)<=1, FALSE), IF(_xlpm.tag="", "NO TAG", IF(NOT(OR(_xlpm.hasAdd,_xlpm.hasSub)), "INVALID TAG", IF(_xlpm.fac="", "BAD NUM", IF(_xlpm.tgt="", "NO VAL", IF(_xlpm.ok,"OK","NG: "&TEXT(_xlpm.diff,"#,##0")) ) ) ) ) ) -> OK | AL18: 3454838.7 | AO18: 3513333.3 | AP18: 3674193.5 | AQ18: 3235490 | AR18: 3626666.7 | AS18: 3893548.4 | AT18: 3400000 | AU18: 3454839 | AV18: 2914290 | AW18: #N/A
A19: =ROW()-5 -> 14 | B19: 이준수 | C19: =INDEX('정직원 (2)'!$B$4:$B$20,MATCH(임금대장!B19,'정직원 (2)'!$C$4:$C$20,0)) -> 홀 | D19: =VLOOKUP(B19,'정직원 (2)'!$C$4:$F$20,4,0) -> 991231-1152511 | E19: =VLOOKUP(B19,'정직원 (2)'!$C$4:$J$81,8,0) -> 45709 | F19: =VLOOKUP(B19,'정직원 (2)'!$C$4:$L$81,10,0) -> 0 | G19: =VLOOKUP(B19,'정직원 (2)'!$C$4:$F$81,3,0) -> 3500000 | H19: =ROUNDDOWN(G19/291,0) -> 12027 | I19: =ROUNDDOWN(($G19/291*209),0) -> 2513745 | J19: =ROUNDDOWN(($G19/291*65.2),0) -> 784192 | K19: =ROUNDUP(($G19/291*8.8),0) -> 105842 | L19: =VLOOKUP(B19,'정직원 (2)'!$C$4:$O$95,13,0) -> 0 | M19: =ROUNDUP(($G19/291*8),0) -> 96220 | N19: =IF(OR(AI19="",AI19=0),0, IF(ISNUMBER(SEARCH("추가",AI19)), G19/$O$3*VALUE(SUBSTITUTE(SUBSTITUTE(TRIM(AI19)," ",""),"추가","")), 0)) -> 169354.84 | O19: =$O$3-P19 -> 31 | P19: =IF(ISNUMBER(SEARCH("차감",AI19)), VALUE(SUBSTITUTE(SUBSTITUTE(SUBSTITUTE(TRIM(AI19)," ",""),"차감",""),"일","")), IF(AND(YEAR(F19)=$M$3,MONTH(F19)=$N$3),$O$3-DAY(F19), IF(AND(YEAR(E19)=$M$3,MONTH(E19)=$N$3),DAY(E19)-1,0))) -> 0 | Q19: =ROUNDDOWN(G19/$O$3*P19,-1) -> 0 | S19: =ROUNDDOWN(H19*R19,-1) -> 0 | T19: =G19-Q19-S19+N19+L19 -> 3669354.8 | U19: 1800000 | V19: 1 | W19: =A19 -> 14 | X19: =B19 -> 이준수 | Y19: =IF(T19<800000,0,(VLOOKUP(T19,'세액표(1202)'!A:L,V19+1))) -> 144330 | Z19: =ROUNDDOWN(Y19*10%,-1) -> 14430 | AA19: 85500 | AB19: =ROUNDDOWN(T19*3.595%,-1) -> 131910 | AC19: =ROUNDDOWN(AB19*13.14%,-1) -> 17330 | AD19: =ROUNDDOWN(T19*0.9%,-1) -> 33020 | AE19: =L19 -> 0 | AG19: =SUM(Y19:AF19) -> 426520 | AH19: =T19-AG19 -> 3242834.8 | AI19: =VLOOKUP(D19,'정직원 (2)'!$F$4:$M$25,8,0) -> 1.5추가 | AJ19: =DATEDIF(DATE(IF(VALUE(LEFT(D19,2))>22,1900,2000)+VALUE(LEFT(D19,2)),VALUE(MID(D19,3,2)),VALUE(MID(D19,5,2))),TODAY(),"Y") -> 26 | AK19: =_xlfn.LET( _xlpm.tag0, AI19, _xlpm.tag, TRIM(SUBSTITUTE(SUBSTITUTE(_xlpm.tag0," ",""),CHAR(160),"")), _xlpm.hasAdd, ISNUMBER(SEARCH("추가",_xlpm.tag)), _xlpm.hasSub, ISNUMBER(SEARCH("차감",_xlpm.tag)), _xlpm.rawText, SUBSTITUTE(SUBSTITUTE(_xlpm.tag,"추가",""),"차감",""), _xlpm.fac, IFERROR(VALUE(_xlpm.rawText),""), _xlpm.base, G19, _xlpm.denom, $O$3, _xlpm.expected, IF(_xlpm.hasAdd, _xlpm.base/_xlpm.denom*_xlpm.fac, IF(_xlpm.hasSub, ROUNDDOWN(_xlpm.base/_xlpm.denom*_xlpm.fac,-1),"")), _xlpm.tgt0, IF(_xlpm.hasSub, Q19, IF(_xlpm.hasAdd, N19, "")), _xlpm.tgt, IF(_xlpm.tgt0="","",IFERROR(1*SUBSTITUTE(_xlpm.tgt0,",",""),"")), _xlpm.diff, IF(AND(_xlpm.expected<>"",_xlpm.tgt<>""), _xlpm.tgt-_xlpm.expected,""), _xlpm.ok, IF(_xlpm.diff<>"", ABS(_xlpm.diff)<=1, FALSE), IF(_xlpm.tag="", "NO TAG", IF(NOT(OR(_xlpm.hasAdd,_xlpm.hasSub)), "INVALID TAG", IF(_xlpm.fac="", "BAD NUM", IF(_xlpm.tgt="", "NO VAL", IF(_xlpm.ok,"OK","NG: "&TEXT(_xlpm.diff,"#,##0")) ) ) ) ) ) -> OK | AL19: 3743550 | AO19: 2830000 | AP19: 3619354.8 | AQ19: 2714520 | AR19: 3520000 | AS19: 3619354.8 | AT19: 3300000 | AU19: 3353226 | AV19: 942860 | AW19: #N/A
A20: =ROW()-5 -> 15 | B20: 이부순 | C20: =INDEX('정직원 (2)'!$B$4:$B$20,MATCH(임금대장!B20,'정직원 (2)'!$C$4:$C$20,0)) -> 롤 | D20: =VLOOKUP(B20,'정직원 (2)'!$C$4:$F$20,4,0) -> 690917-2451117 | E20: =VLOOKUP(B20,'정직원 (2)'!$C$4:$J$81,8,0) -> 45720 | F20: =VLOOKUP(B20,'정직원 (2)'!$C$4:$L$81,10,0) -> 0 | G20: =VLOOKUP(B20,'정직원 (2)'!$C$4:$F$81,3,0) -> 3300000 | H20: =ROUNDDOWN(G20/291,0) -> 11340 | I20: =ROUNDDOWN(($G20/291*209),0) -> 2370103 | J20: =ROUNDDOWN(($G20/291*65.2),0) -> 739381 | K20: =ROUNDUP(($G20/291*8.8),0) -> 99794 | L20: =VLOOKUP(B20,'정직원 (2)'!$C$4:$O$95,13,0) -> 0 | M20: =ROUNDUP(($G20/291*8),0) -> 90722 | N20: =IF(OR(AI20="",AI20=0),0, IF(ISNUMBER(SEARCH("추가",AI20)), G20/$O$3*VALUE(SUBSTITUTE(SUBSTITUTE(TRIM(AI20)," ",""),"추가","")), 0)) -> 53225.806 | O20: =$O$3-P20 -> 31 | P20: =IF(ISNUMBER(SEARCH("차감",AI20)), VALUE(SUBSTITUTE(SUBSTITUTE(SUBSTITUTE(TRIM(AI20)," ",""),"차감",""),"일","")), IF(AND(YEAR(F20)=$M$3,MONTH(F20)=$N$3),$O$3-DAY(F20), IF(AND(YEAR(E20)=$M$3,MONTH(E20)=$N$3),DAY(E20)-1,0))) -> 0 | Q20: =ROUNDDOWN(G20/$O$3*P20,-1) -> 0 | S20: =ROUNDDOWN(H20*R20,-1) -> 0 | T20: =G20-Q20-S20+N20+L20 -> 3353225.8 | U20: 1800000 | V20: 1 | W20: =A20 -> 15 | X20: =B20 -> 이부순 | Y20: =IF(T20<800000,0,(VLOOKUP(T20,'세액표(1202)'!A:L,V20+1))) -> 105210 | Z20: =ROUNDDOWN(Y20*10%,-1) -> 10520 | AA20: 85500 | AB20: =ROUNDDOWN(T20*3.595%,-1) -> 120540 | AC20: =ROUNDDOWN(AB20*13.14%,-1) -> 15830 | AD20: =ROUNDDOWN(T20*0.9%,-1) -> 30170 | AE20: =L20 -> 0 | AG20: =SUM(Y20:AF20) -> 367770 | AH20: =T20-AG20 -> 2985455.8 | AI20: =VLOOKUP(D20,'정직원 (2)'!$F$4:$M$25,8,0) -> 0.5추가 | AJ20: =DATEDIF(DATE(IF(VALUE(LEFT(D20,2))>22,1900,2000)+VALUE(LEFT(D20,2)),VALUE(MID(D20,3,2)),VALUE(MID(D20,5,2))),TODAY(),"Y") -> 56 | AK20: =_xlfn.LET( _xlpm.tag0, AI20, _xlpm.tag, TRIM(SUBSTITUTE(SUBSTITUTE(_xlpm.tag0," ",""),CHAR(160),"")), _xlpm.hasAdd, ISNUMBER(SEARCH("추가",_xlpm.tag)), _xlpm.hasSub, ISNUMBER(SEARCH("차감",_xlpm.tag)), _xlpm.rawText, SUBSTITUTE(SUBSTITUTE(_xlpm.tag,"추가",""),"차감",""), _xlpm.fac, IFERROR(VALUE(_xlpm.rawText),""), _xlpm.base, G20, _xlpm.denom, $O$3, _xlpm.expected, IF(_xlpm.hasAdd, _xlpm.base/_xlpm.denom*_xlpm.fac, IF(_xlpm.hasSub, ROUNDDOWN(_xlpm.base/_xlpm.denom*_xlpm.fac,-1),"")), _xlpm.tgt0, IF(_xlpm.hasSub, Q20, IF(_xlpm.hasAdd, N20, "")), _xlpm.tgt, IF(_xlpm.tgt0="","",IFERROR(1*SUBSTITUTE(_xlpm.tgt0,",",""),"")), _xlpm.diff, IF(AND(_xlpm.expected<>"",_xlpm.tgt<>""), _xlpm.tgt-_xlpm.expected,""), _xlpm.ok, IF(_xlpm.diff<>"", ABS(_xlpm.diff)<=1, FALSE), IF(_xlpm.tag="", "NO TAG", IF(NOT(OR(_xlpm.hasAdd,_xlpm.hasSub)), "INVALID TAG", IF(_xlpm.fac="", "BAD NUM", IF(_xlpm.tgt="", "NO VAL", IF(_xlpm.ok,"OK","NG: "&TEXT(_xlpm.diff,"#,##0")) ) ) ) ) ) -> OK | AL20: 3353225.8 | AO20: 3300000 | AP20: 3353225.8 | AQ20: 3140330 | AR20: 3410000 | AS20: 3512903.2 | AT20: 3300000 | AU20: 2980650 | AV20: #N/A | AW20: #N/A
A21: =ROW()-5 -> 16 | B21: 김예찬 | C21: =INDEX('정직원 (2)'!$B$4:$B$20,MATCH(임금대장!B21,'정직원 (2)'!$C$4:$C$20,0)) -> 핫/즉석 | D21: =VLOOKUP(B21,'정직원 (2)'!$C$4:$F$20,4,0) -> 980825-1156317 | E21: =VLOOKUP(B21,'정직원 (2)'!$C$4:$J$81,8,0) -> 45771 | F21: =VLOOKUP(B21,'정직원 (2)'!$C$4:$L$81,10,0) -> 0 | G21: =VLOOKUP(B21,'정직원 (2)'!$C$4:$F$81,3,0) -> 3400000 | H21: =ROUNDDOWN(G21/291,0) -> 11683 | I21: =ROUNDUP(($G21/291*209),0) -> 2441925 | J21: =ROUNDDOWN(($G21/291*65.2),0) -> 761786 | K21: =ROUNDUP(($G21/291*8.8),0) -> 102818 | L21: =VLOOKUP(B21,'정직원 (2)'!$C$4:$O$95,13,0) -> 0 | M21: =ROUNDUP(($G21/291*8),0) -> 93471 | N21: =IF(OR(AI21="",AI21=0),0, IF(ISNUMBER(SEARCH("추가",AI21)), G21/$O$3*VALUE(SUBSTITUTE(SUBSTITUTE(TRIM(AI21)," ",""),"추가","")), 0)) -> 164516.13 | O21: =$O$3-P21 -> 31 | P21: =IF(ISNUMBER(SEARCH("차감",AI21)), VALUE(SUBSTITUTE(SUBSTITUTE(SUBSTITUTE(TRIM(AI21)," ",""),"차감",""),"일","")), IF(AND(YEAR(F21)=$M$3,MONTH(F21)=$N$3),$O$3-DAY(F21), IF(AND(YEAR(E21)=$M$3,MONTH(E21)=$N$3),DAY(E21)-1,0))) -> 0 | Q21: =ROUNDDOWN(G21/$O$3*P21,-1) -> 0 | S21: =ROUNDDOWN(H21*R21,-1) -> 0 | T21: =G21-Q21-S21+N21+L21 -> 3564516.1 | U21: 1800000 | V21: 1 | W21: =A21 -> 16 | X21: =B21 -> 김예찬 | Y21: =IF(T21<800000,0,(VLOOKUP(T21,'세액표(1202)'!A:L,V21+1))) -> 132110 | Z21: =ROUNDDOWN(Y21*10%,-1) -> 13210 | AA21: 85500 | AB21: =ROUNDDOWN(T21*3.595%,-1) -> 128140 | AC21: =ROUNDDOWN(AB21*13.14%,-1) -> 16830 | AD21: =ROUNDDOWN(T21*0.9%,-1) -> 32080 | AE21: =L21 -> 0 | AG21: =SUM(Y21:AF21) -> 407870 | AH21: =T21-AG21 -> 3156646.1 | AI21: =VLOOKUP(D21,'정직원 (2)'!$F$4:$M$25,8,0) -> 1.5추가 | AJ21: =DATEDIF(DATE(IF(VALUE(LEFT(D21,2))>22,1900,2000)+VALUE(LEFT(D21,2)),VALUE(MID(D21,3,2)),VALUE(MID(D21,5,2))),TODAY(),"Y") -> 27 | AK21: =_xlfn.LET( _xlpm.tag0, AI21, _xlpm.tag, TRIM(SUBSTITUTE(SUBSTITUTE(_xlpm.tag0," ",""),CHAR(160),"")), _xlpm.hasAdd, ISNUMBER(SEARCH("추가",_xlpm.tag)), _xlpm.hasSub, ISNUMBER(SEARCH("차감",_xlpm.tag)), _xlpm.rawText, SUBSTITUTE(SUBSTITUTE(_xlpm.tag,"추가",""),"차감",""), _xlpm.fac, IFERROR(VALUE(_xlpm.rawText),""), _xlpm.base, G21, _xlpm.denom, $O$3, _xlpm.expected, IF(_xlpm.hasAdd, _xlpm.base/_xlpm.denom*_xlpm.fac, IF(_xlpm.hasSub, ROUNDDOWN(_xlpm.base/_xlpm.denom*_xlpm.fac,-1),"")), _xlpm.tgt0, IF(_xlpm.hasSub, Q21, IF(_xlpm.hasAdd, N21, "")), _xlpm.tgt, IF(_xlpm.tgt0="","",IFERROR(1*SUBSTITUTE(_xlpm.tgt0,",",""),"")), _xlpm.diff, IF(AND(_xlpm.expected<>"",_xlpm.tgt<>""), _xlpm.tgt-_xlpm.expected,""), _xlpm.ok, IF(_xlpm.diff<>"", ABS(_xlpm.diff)<=1, FALSE), IF(_xlpm.tag="", "NO TAG", IF(NOT(OR(_xlpm.hasAdd,_xlpm.hasSub)), "INVALID TAG", IF(_xlpm.fac="", "BAD NUM", IF(_xlpm.tgt="", "NO VAL", IF(_xlpm.ok,"OK","NG: "&TEXT(_xlpm.diff,"#,##0")) ) ) ) ) ) -> OK | AL21: 3564516.1 | AO21: 3513333.3 | AP21: 3400000 | AQ21: 3345170 | AR21: 3513333.3 | AS21: 3783871 | AT21: 793340 | AU21: 2270970 | AV21: #N/A | AW21: #N/A
A22: =ROW()-5 -> 17 | B22: 조윤희 | C22: =INDEX('정직원 (2)'!$B$4:$B$77,MATCH(임금대장!B22,'정직원 (2)'!$C$4:$C$77,0)) -> 0 | D22: =VLOOKUP(B22,'정직원 (2)'!$C$4:$F$77,4,0) -> 890428-2150912 | E22: =VLOOKUP(B22,'정직원 (2)'!$C$4:$J$81,8,0) -> 45809 | F22: =VLOOKUP(B22,'정직원 (2)'!$C$4:$L$81,10,0) -> 0 | G22: 3371380 | H22: =ROUNDDOWN(G22/291,0) -> 11585 | I22: =ROUNDDOWN(($G22/291*209),0) -> 2421369 | J22: =ROUNDDOWN(($G22/291*65.2),0) -> 755374 | K22: =ROUNDUP(($G22/291*8.8),0) -> 101953 | L22: =VLOOKUP(B22,'정직원 (2)'!$C$4:$O$95,13,0) -> 0 | M22: =ROUNDUP(($G22/291*8),0) -> 92684 | N22: =IF(OR(AI22="",AI22=0),0, IF(ISNUMBER(SEARCH("추가",AI22)), G22/$O$3*VALUE(SUBSTITUTE(SUBSTITUTE(TRIM(AI22)," ",""),"추가","")), 0)) -> 0 | O22: =$O$3-P22 -> 31 | P22: =IF(ISNUMBER(SEARCH("차감",AI22)), VALUE(SUBSTITUTE(SUBSTITUTE(SUBSTITUTE(TRIM(AI22)," ",""),"차감",""),"일","")), IF(AND(YEAR(F22)=$M$3,MONTH(F22)=$N$3),$O$3-DAY(F22), IF(AND(YEAR(E22)=$M$3,MONTH(E22)=$N$3),DAY(E22)-1,0))) -> 0 | Q22: =ROUNDDOWN(G22/$O$3*P22,-1) -> 0 | S22: =ROUNDDOWN(H22*R22,-1) -> 0 | T22: =G22-Q22-S22+N22+L22 -> 3371380 | U22: 1800000 | V22: 1 | W22: =A22 -> 17 | X22: =B22 -> 조윤희 | Y22: =IF(T22<800000,0,(VLOOKUP(T22,'세액표(1202)'!A:L,V22+1))) -> 107660 | Z22: =ROUNDDOWN(Y22*10%,-1) -> 10760 | AA22: 85500 | AB22: =ROUNDDOWN(T22*3.595%,-1) -> 121200 | AC22: =ROUNDDOWN(AB22*13.14%,-1) -> 15920 | AD22: =ROUNDDOWN(T22*0.9%,-1) -> 30340 | AE22: =L22 -> 0 | AG22: =SUM(Y22:AF22) -> 371380 | AH22: =T22-AG22 -> 3000000 | AI22: =VLOOKUP(D22,'정직원 (2)'!$F$4:$M$90,8,0) -> 0 | AJ22: =DATEDIF(DATE(IF(VALUE(LEFT(D22,2))>22,1900,2000)+VALUE(LEFT(D22,2)),VALUE(MID(D22,3,2)),VALUE(MID(D22,5,2))),TODAY(),"Y") -> 36 | AK22: =_xlfn.LET( _xlpm.tag0, AI22, _xlpm.tag, TRIM(SUBSTITUTE(SUBSTITUTE(_xlpm.tag0," ",""),CHAR(160),"")), _xlpm.hasAdd, ISNUMBER(SEARCH("추가",_xlpm.tag)), _xlpm.hasSub, ISNUMBER(SEARCH("차감",_xlpm.tag)), _xlpm.rawText, SUBSTITUTE(SUBSTITUTE(_xlpm.tag,"추가",""),"차감",""), _xlpm.fac, IFERROR(VALUE(_xlpm.rawText),""), _xlpm.base, G22, _xlpm.denom, $O$3, _xlpm.expected, IF(_xlpm.hasAdd, _xlpm.base/_xlpm.denom*_xlpm.fac, IF(_xlpm.hasSub, ROUNDDOWN(_xlpm.base/_xlpm.denom*_xlpm.fac,-1),"")), _xlpm.tgt0, IF(_xlpm.hasSub, Q22, IF(_xlpm.hasAdd, N22, "")), _xlpm.tgt, IF(_xlpm.tgt0="","",IFERROR(1*SUBSTITUTE(_xlpm.tgt0,",",""),"")), _xlpm.diff, IF(AND(_xlpm.expected<>"",_xlpm.tgt<>""), _xlpm.tgt-_xlpm.expected,""), _xlpm.ok, IF(_xlpm.diff<>"", ABS(_xlpm.diff)<=1, FALSE), IF(_xlpm.tag="", "NO TAG", IF(NOT(OR(_xlpm.hasAdd,_xlpm.hasSub)), "INVALID TAG", IF(_xlpm.fac="", "BAD NUM", IF(_xlpm.tgt="", "NO VAL", IF(_xlpm.ok,"OK","NG: "&TEXT(_xlpm.diff,"#,##0")) ) ) ) ) ) -> INVALID TAG | AL22: 3364390 | AO22: 3364390 | AP22: 3364390 | AQ22: 3364390 | AR22: 3364390 | AS22: 3566129 | AT22: 3300000 | AU22: 2341940 | AV22: #N/A | AW22: #N/A
A23: =ROW()-5 -> 18 | B23: 나지훈 | C23: =INDEX('정직원 (2)'!$B$4:$B$77,MATCH(임금대장!B23,'정직원 (2)'!$C$4:$C$77,0)) -> 핫/즉석 | D23: =VLOOKUP(B23,'정직원 (2)'!$C$4:$F$77,4,0) -> 960115-1020619 | E23: 45841 | F23: =VLOOKUP(B23,'정직원 (2)'!$C$4:$L$81,10,0) -> 0 | G23: =VLOOKUP(B23,'정직원 (2)'!$C$4:$F$81,3,0) -> 3300000 | H23: =ROUNDDOWN(G23/291,0) -> 11340 | I23: =ROUNDDOWN(($G23/291*209),0) -> 2370103 | J23: =ROUNDDOWN(($G23/291*65.2),0) -> 739381 | K23: =ROUNDUP(($G23/291*8.8),0) -> 99794 | L23: =VLOOKUP(B23,'정직원 (2)'!$C$4:$O$95,13,0) -> 0 | M23: =ROUNDUP(($G23/291*8),0) -> 90722 | N23: =IF(OR(AI23="",AI23=0),0, IF(ISNUMBER(SEARCH("추가",AI23)), G23/$O$3*VALUE(SUBSTITUTE(SUBSTITUTE(TRIM(AI23)," ",""),"추가","")), 0)) -> 372580.65 | O23: =$O$3-P23 -> 31 | P23: =IF(ISNUMBER(SEARCH("차감",AI23)), VALUE(SUBSTITUTE(SUBSTITUTE(SUBSTITUTE(TRIM(AI23)," ",""),"차감",""),"일","")), IF(AND(YEAR(F23)=$M$3,MONTH(F23)=$N$3),$O$3-DAY(F23), IF(AND(YEAR(E23)=$M$3,MONTH(E23)=$N$3),DAY(E23)-1,0))) -> 0 | Q23: =ROUNDDOWN(G23/$O$3*P23,-1) -> 0 | S23: =ROUNDDOWN(H23*R23,-1) -> 0 | T23: =G23-Q23-S23+N23+L23 -> 3672580.6 | U23: 1800000 | V23: 1 | W23: =A23 -> 18 | X23: =B23 -> 나지훈 | Y23: =IF(T23<800000,0,(VLOOKUP(T23,'세액표(1202)'!A:L,V23+1))) -> 144330 | Z23: =ROUNDDOWN(Y23*10%,-1) -> 14430 | AA23: 85500 | AB23: =ROUNDDOWN(T23*3.595%,-1) -> 132020 | AC23: =ROUNDDOWN(AB23*13.14%,-1) -> 17340 | AD23: =ROUNDDOWN(T23*0.9%,-1) -> 33050 | AE23: =L23 -> 0 | AG23: =SUM(Y23:AF23) -> 426670 | AH23: =T23-AG23 -> 3245910.6 | AI23: =VLOOKUP(D23,'정직원 (2)'!$F$4:$M$25,8,0) -> 3.5추가 | AJ23: =DATEDIF(DATE(IF(VALUE(LEFT(D23,2))>22,1900,2000)+VALUE(LEFT(D23,2)),VALUE(MID(D23,3,2)),VALUE(MID(D23,5,2))),TODAY(),"Y") -> 30 | AK23: =_xlfn.LET( _xlpm.tag0, AI23, _xlpm.tag, TRIM(SUBSTITUTE(SUBSTITUTE(_xlpm.tag0," ",""),CHAR(160),"")), _xlpm.hasAdd, ISNUMBER(SEARCH("추가",_xlpm.tag)), _xlpm.hasSub, ISNUMBER(SEARCH("차감",_xlpm.tag)), _xlpm.rawText, SUBSTITUTE(SUBSTITUTE(_xlpm.tag,"추가",""),"차감",""), _xlpm.fac, IFERROR(VALUE(_xlpm.rawText),""), _xlpm.base, G23, _xlpm.denom, $O$3, _xlpm.expected, IF(_xlpm.hasAdd, _xlpm.base/_xlpm.denom*_xlpm.fac, IF(_xlpm.hasSub, ROUNDDOWN(_xlpm.base/_xlpm.denom*_xlpm.fac,-1),"")), _xlpm.tgt0, IF(_xlpm.hasSub, Q23, IF(_xlpm.hasAdd, N23, "")), _xlpm.tgt, IF(_xlpm.tgt0="","",IFERROR(1*SUBSTITUTE(_xlpm.tgt0,",",""),"")), _xlpm.diff, IF(AND(_xlpm.expected<>"",_xlpm.tgt<>""), _xlpm.tgt-_xlpm.expected,""), _xlpm.ok, IF(_xlpm.diff<>"", ABS(_xlpm.diff)<=1, FALSE), IF(_xlpm.tag="", "NO TAG", IF(NOT(OR(_xlpm.hasAdd,_xlpm.hasSub)), "INVALID TAG", IF(_xlpm.fac="", "BAD NUM", IF(_xlpm.tgt="", "NO VAL", IF(_xlpm.ok,"OK","NG: "&TEXT(_xlpm.diff,"#,##0")) ) ) ) ) ) -> OK | AL23: 3353225.8 | AO23: 3410000 | AP23: 3300000 | AQ23: 798390 | AR23: 3364390 | AS23: 3566129 | AT23: 3300000 | AU23: 2341940 | AV23: #N/A | AW23: #N/A
A24: =ROW()-5 -> 19 | B24: 박기호 | C24: =INDEX('정직원 (2)'!$B$4:$B$77,MATCH(임금대장!B24,'정직원 (2)'!$C$4:$C$77,0)) -> 핫/즉석 | D24: =VLOOKUP(B24,'정직원 (2)'!$C$4:$F$77,4,0) -> 010620-3156714 | E24: =VLOOKUP(B24,'정직원 (2)'!$C$4:$J$81,8,0) -> 45861 | F24: =VLOOKUP(B24,'정직원 (2)'!$C$4:$L$81,10,0) -> 0 | G24: =VLOOKUP(B24,'정직원 (2)'!$C$4:$F$81,3,0) -> 3400000 | H24: =ROUNDDOWN(G24/291,0) -> 11683 | I24: =ROUNDDOWN(($G24/291*209),0) -> 2441924 | J24: =ROUNDDOWN(($G24/291*65.2),0) -> 761786 | K24: =ROUNDUP(($G24/291*8.8),0) -> 102818 | L24: =VLOOKUP(B24,'정직원 (2)'!$C$4:$O$95,13,0) -> 0 | M24: =ROUNDUP(($G24/291*8),0) -> 93471 | N24: =IF(OR(AI24="",AI24=0),0, IF(ISNUMBER(SEARCH("추가",AI24)), G24/$O$3*VALUE(SUBSTITUTE(SUBSTITUTE(TRIM(AI24)," ",""),"추가","")), 0)) -> 54838.71 | O24: =$O$3-P24 -> 31 | P24: =IF(ISNUMBER(SEARCH("차감",AI24)), VALUE(SUBSTITUTE(SUBSTITUTE(SUBSTITUTE(TRIM(AI24)," ",""),"차감",""),"일","")), IF(AND(YEAR(F24)=$M$3,MONTH(F24)=$N$3),$O$3-DAY(F24), IF(AND(YEAR(E24)=$M$3,MONTH(E24)=$N$3),DAY(E24)-1,0))) -> 0 | Q24: =ROUNDDOWN(G24/$O$3*P24,-1) -> 0 | S24: =ROUNDDOWN(H24*R24,-1) -> 0 | T24: =G24-Q24-S24+N24+L24 -> 3454838.7 | U24: 1800000 | V24: 1 | W24: =A24 -> 19 | X24: =B24 -> 박기호 | Y24: =IF(T24<800000,0,(VLOOKUP(T24,'세액표(1202)'!A:L,V24+1))) -> 117440 | Z24: =ROUNDDOWN(Y24*10%,-1) -> 11740 | AA24: 85500 | AB24: =ROUNDDOWN(T24*3.595%,-1) -> 124200 | AC24: =ROUNDDOWN(AB24*13.14%,-1) -> 16310 | AD24: =ROUNDDOWN(T24*0.9%,-1) -> 31090 | AE24: =L24 -> 0 | AG24: =SUM(Y24:AF24) -> 386280 | AH24: =T24-AG24 -> 3068558.7 | AI24: =VLOOKUP(D24,'정직원 (2)'!$F$4:$M$25,8,0) -> 0.5추가 | AJ24: =DATEDIF(DATE(IF(VALUE(LEFT(D24,2))>22,1900,2000)+VALUE(LEFT(D24,2)),VALUE(MID(D24,3,2)),VALUE(MID(D24,5,2))),TODAY(),"Y") -> 24 | AK24: =_xlfn.LET( _xlpm.tag0, AI24, _xlpm.tag, TRIM(SUBSTITUTE(SUBSTITUTE(_xlpm.tag0," ",""),CHAR(160),"")), _xlpm.hasAdd, ISNUMBER(SEARCH("추가",_xlpm.tag)), _xlpm.hasSub, ISNUMBER(SEARCH("차감",_xlpm.tag)), _xlpm.rawText, SUBSTITUTE(SUBSTITUTE(_xlpm.tag,"추가",""),"차감",""), _xlpm.fac, IFERROR(VALUE(_xlpm.rawText),""), _xlpm.base, G24, _xlpm.denom, $O$3, _xlpm.expected, IF(_xlpm.hasAdd, _xlpm.base/_xlpm.denom*_xlpm.fac, IF(_xlpm.hasSub, ROUNDDOWN(_xlpm.base/_xlpm.denom*_xlpm.fac,-1),"")), _xlpm.tgt0, IF(_xlpm.hasSub, Q24, IF(_xlpm.hasAdd, N24, "")), _xlpm.tgt, IF(_xlpm.tgt0="","",IFERROR(1*SUBSTITUTE(_xlpm.tgt0,",",""),"")), _xlpm.diff, IF(AND(_xlpm.expected<>"",_xlpm.tgt<>""), _xlpm.tgt-_xlpm.expected,""), _xlpm.ok, IF(_xlpm.diff<>"", ABS(_xlpm.diff)<=1, FALSE), IF(_xlpm.tag="", "NO TAG", IF(NOT(OR(_xlpm.hasAdd,_xlpm.hasSub)), "INVALID TAG", IF(_xlpm.fac="", "BAD NUM", IF(_xlpm.tgt="", "NO VAL", IF(_xlpm.ok,"OK","NG: "&TEXT(_xlpm.diff,"#,##0")) ) ) ) ) ) -> OK | AL24: 3353225.8 | AO24: 3410000 | AP24: 3300000 | AQ24: 958070 | AR24: 3364390 | AS24: 3566129 | AT24: 3300000 | AU24: 2341940 | AV24: #N/A | AW24: #N/A
A25: =ROW()-5 -> 20 | B25: 황지현 | C25: =INDEX('정직원 (2)'!$B$4:$B$77,MATCH(임금대장!B25,'정직원 (2)'!$C$4:$C$77,0)) -> 핫/즉석 | D25: =VLOOKUP(B25,'정직원 (2)'!$C$4:$F$77,4,0) -> 830909-1247317 | E25: =VLOOKUP(B25,'정직원 (2)'!$C$4:$J$81,8,0) -> 45870 | F25: =VLOOKUP(B25,'정직원 (2)'!$C$4:$L$81,10,0) -> 0 | G25: =VLOOKUP(B25,'정직원 (2)'!$C$4:$F$81,3,0) -> 4300000 | H25: =ROUNDDOWN(G25/291,0) -> 14776 | I25: =ROUNDDOWN(($G25/291*209),0) -> 3088316 | J25: =ROUNDDOWN(($G25/291*65.2),0) -> 963436 | K25: =ROUNDUP(($G25/291*8.8),0) -> 130035 | L25: =VLOOKUP(B25,'정직원 (2)'!$C$4:$O$95,13,0) -> 0 | M25: =ROUNDUP(($G25/291*8),0) -> 118214 | N25: =IF(OR(AI25="",AI25=0),0, IF(ISNUMBER(SEARCH("추가",AI25)), G25/$O$3*VALUE(SUBSTITUTE(SUBSTITUTE(TRIM(AI25)," ",""),"추가","")), 0)) -> 485483.87 | O25: =$O$3-P25 -> 31 | P25: =IF(ISNUMBER(SEARCH("차감",AI25)), VALUE(SUBSTITUTE(SUBSTITUTE(SUBSTITUTE(TRIM(AI25)," ",""),"차감",""),"일","")), IF(AND(YEAR(F25)=$M$3,MONTH(F25)=$N$3),$O$3-DAY(F25), IF(AND(YEAR(E25)=$M$3,MONTH(E25)=$N$3),DAY(E25)-1,0))) -> 0 | Q25: =ROUNDDOWN(G25/$O$3*P25,-1) -> 0 | S25: =ROUNDDOWN(H25*R25,-1) -> 0 | T25: =G25-Q25-S25+N25+L25 -> 4785483.9 | U25: 1800000 | V25: 1 | W25: =A25 -> 20 | X25: =B25 -> 황지현 | Y25: =IF(T25<800000,0,(VLOOKUP(T25,'세액표(1202)'!A:L,V25+1))) -> 301810 | Z25: =ROUNDDOWN(Y25*10%,-1) -> 30180 | AA25: 85500 | AB25: =ROUNDDOWN(T25*3.595%,-1) -> 172030 | AC25: =ROUNDDOWN(AB25*13.14%,-1) -> 22600 | AD25: =ROUNDDOWN(T25*0.9%,-1) -> 43060 | AE25: =L25 -> 0 | AG25: =SUM(Y25:AF25) -> 655180 | AH25: =T25-AG25 -> 4130303.9 | AI25: =VLOOKUP(D25,'정직원 (2)'!$F$4:$M$90,8,0) -> 3.5추가 | AJ25: =DATEDIF(DATE(IF(VALUE(LEFT(D25,2))>22,1900,2000)+VALUE(LEFT(D25,2)),VALUE(MID(D25,3,2)),VALUE(MID(D25,5,2))),TODAY(),"Y") -> 42 | AK25: =_xlfn.LET( _xlpm.tag0, AI25, _xlpm.tag, TRIM(SUBSTITUTE(SUBSTITUTE(_xlpm.tag0," ",""),CHAR(160),"")), _xlpm.hasAdd, ISNUMBER(SEARCH("추가",_xlpm.tag)), _xlpm.hasSub, ISNUMBER(SEARCH("차감",_xlpm.tag)), _xlpm.rawText, SUBSTITUTE(SUBSTITUTE(_xlpm.tag,"추가",""),"차감",""), _xlpm.fac, IFERROR(VALUE(_xlpm.rawText),""), _xlpm.base, G25, _xlpm.denom, $O$3, _xlpm.expected, IF(_xlpm.hasAdd, _xlpm.base/_xlpm.denom*_xlpm.fac, IF(_xlpm.hasSub, ROUNDDOWN(_xlpm.base/_xlpm.denom*_xlpm.fac,-1),"")), _xlpm.tgt0, IF(_xlpm.hasSub, Q25, IF(_xlpm.hasAdd, N25, "")), _xlpm.tgt, IF(_xlpm.tgt0="","",IFERROR(1*SUBSTITUTE(_xlpm.tgt0,",",""),"")), _xlpm.diff, IF(AND(_xlpm.expected<>"",_xlpm.tgt<>""), _xlpm.tgt-_xlpm.expected,""), _xlpm.ok, IF(_xlpm.diff<>"", ABS(_xlpm.diff)<=1, FALSE), IF(_xlpm.tag="", "NO TAG", IF(NOT(OR(_xlpm.hasAdd,_xlpm.hasSub)), "INVALID TAG", IF(_xlpm.fac="", "BAD NUM", IF(_xlpm.tgt="", "NO VAL", IF(_xlpm.ok,"OK","NG: "&TEXT(_xlpm.diff,"#,##0")) ) ) ) ) ) -> OK | AL25: 5646774.2 | AO25: 5300000 | AP25: 1490330 | AQ25: 798390 | AR25: 3364390 | AS25: 3566129 | AT25: 3300000 | AU25: 2341940 | AV25: #N/A | AW25: #N/A
A26: =ROW()-5 -> 21 | B26: 허옥자 | C26: =INDEX('정직원 (2)'!$B$4:$B$77,MATCH(임금대장!B26,'정직원 (2)'!$C$4:$C$77,0)) -> 롤 | D26: =VLOOKUP(B26,'정직원 (2)'!$C$4:$F$77,4,0) -> 691020-6760016 | E26: =VLOOKUP(B26,'정직원 (2)'!$C$4:$J$81,8,0) -> 45887 | F26: =VLOOKUP(B26,'정직원 (2)'!$C$4:$L$81,10,0) -> 0 | G26: =VLOOKUP(B26,'정직원 (2)'!$C$4:$F$81,3,0) -> 3300000 | H26: =ROUNDDOWN(G26/291,0) -> 11340 | I26: =ROUNDDOWN(($G26/291*209),0) -> 2370103 | J26: =ROUNDDOWN(($G26/291*65.2),0) -> 739381 | K26: =ROUNDUP(($G26/291*8.8),0) -> 99794 | L26: =VLOOKUP(B26,'정직원 (2)'!$C$4:$O$95,13,0) -> 0 | M26: =ROUNDUP(($G26/291*8),0) -> 90722 | N26: =IF(OR(AI26="",AI26=0),0, IF(ISNUMBER(SEARCH("추가",AI26)), G26/$O$3*VALUE(SUBSTITUTE(SUBSTITUTE(TRIM(AI26)," ",""),"추가","")), 0)) -> 53225.806 | O26: =$O$3-P26 -> 31 | P26: =IF(ISNUMBER(SEARCH("차감",AI26)), VALUE(SUBSTITUTE(SUBSTITUTE(SUBSTITUTE(TRIM(AI26)," ",""),"차감",""),"일","")), IF(AND(YEAR(F26)=$M$3,MONTH(F26)=$N$3),$O$3-DAY(F26), IF(AND(YEAR(E26)=$M$3,MONTH(E26)=$N$3),DAY(E26)-1,0))) -> 0 | Q26: =ROUNDDOWN(G26/$O$3*P26,-1) -> 0 | S26: =ROUNDDOWN(H26*R26,-1) -> 0 | T26: =G26-Q26-S26+N26+L26 -> 3353225.8 | U26: 1800000 | V26: 1 | W26: =A26 -> 21 | X26: =B26 -> 허옥자 | Y26: =IF(T26<800000,0,(VLOOKUP(T26,'세액표(1202)'!A:L,V26+1))) -> 105210 | Z26: =ROUNDDOWN(Y26*10%,-1) -> 10520 | AA26: 85500 | AB26: =ROUNDDOWN(T26*3.595%,-1) -> 120540 | AC26: =ROUNDDOWN(AB26*13.14%,-1) -> 15830 | AD26: =ROUNDDOWN(T26*0.9%,-1) -> 30170 | AE26: =L26 -> 0 | AG26: =SUM(Y26:AF26) -> 367770 | AH26: =T26-AG26 -> 2985455.8 | AI26: =VLOOKUP(D26,'정직원 (2)'!$F$4:$M$25,8,0) -> 0.5추가 | AJ26: =DATEDIF(DATE(IF(VALUE(LEFT(D26,2))>22,1900,2000)+VALUE(LEFT(D26,2)),VALUE(MID(D26,3,2)),VALUE(MID(D26,5,2))),TODAY(),"Y") -> 56 | AK26: =_xlfn.LET( _xlpm.tag0, AI26, _xlpm.tag, TRIM(SUBSTITUTE(SUBSTITUTE(_xlpm.tag0," ",""),CHAR(160),"")), _xlpm.hasAdd, ISNUMBER(SEARCH("추가",_xlpm.tag)), _xlpm.hasSub, ISNUMBER(SEARCH("차감",_xlpm.tag)), _xlpm.rawText, SUBSTITUTE(SUBSTITUTE(_xlpm.tag,"추가",""),"차감",""), _xlpm.fac, IFERROR(VALUE(_xlpm.rawText),""), _xlpm.base, G26, _xlpm.denom, $O$3, _xlpm.expected, IF(_xlpm.hasAdd, _xlpm.base/_xlpm.denom*_xlpm.fac, IF(_xlpm.hasSub, ROUNDDOWN(_xlpm.base/_xlpm.denom*_xlpm.fac,-1),"")), _xlpm.tgt0, IF(_xlpm.hasSub, Q26, IF(_xlpm.hasAdd, N26, "")), _xlpm.tgt, IF(_xlpm.tgt0="","",IFERROR(1*SUBSTITUTE(_xlpm.tgt0,",",""),"")), _xlpm.diff, IF(AND(_xlpm.expected<>"",_xlpm.tgt<>""), _xlpm.tgt-_xlpm.expected,""), _xlpm.ok, IF(_xlpm.diff<>"", ABS(_xlpm.diff)<=1, FALSE), IF(_xlpm.tag="", "NO TAG", IF(NOT(OR(_xlpm.hasAdd,_xlpm.hasSub)), "INVALID TAG", IF(_xlpm.fac="", "BAD NUM", IF(_xlpm.tgt="", "NO VAL", IF(_xlpm.ok,"OK","NG: "&TEXT(_xlpm.diff,"#,##0")) ) ) ) ) ) -> OK | AL26: 3353225.8 | AO26: 3300000 | AP26: 1490330 | AQ26: 798390 | AR26: 3364390 | AS26: 3566129 | AT26: 3300000 | AU26: 2341940 | AV26: #N/A | AW26: #N/A
A27: =ROW()-5 -> 22 | B27: 이금향 | C27: =INDEX('정직원 (2)'!$B$4:$B$77,MATCH(임금대장!B27,'정직원 (2)'!$C$4:$C$77,0)) -> 0 | D27: =VLOOKUP(B27,'정직원 (2)'!$C$4:$F$77,4,0) -> 660414-6101593 | E27: =VLOOKUP(B27,'정직원 (2)'!$C$4:$J$81,8,0) -> 45888 | F27: =VLOOKUP(B27,'정직원 (2)'!$C$4:$L$81,10,0) -> 0 | G27: =VLOOKUP(B27,'정직원 (2)'!$C$4:$F$81,3,0) -> 3300000 | H27: =ROUNDDOWN(G27/291,0) -> 11340 | I27: =ROUNDDOWN(($G27/291*209),0) -> 2370103 | J27: =ROUNDDOWN(($G27/291*65.2),0) -> 739381 | K27: =ROUNDUP(($G27/291*8.8),0) -> 99794 | L27: =VLOOKUP(B27,'정직원 (2)'!$C$4:$O$95,13,0) -> 0 | M27: =ROUNDUP(($G27/291*8),0) -> 90722 | N27: =IF(OR(AI27="",AI27=0),0, IF(ISNUMBER(SEARCH("추가",AI27)), G27/$O$3*VALUE(SUBSTITUTE(SUBSTITUTE(TRIM(AI27)," ",""),"추가","")), 0)) -> 0 | O27: =$O$3-P27 -> 29.5 | P27: =IF(ISNUMBER(SEARCH("차감",AI27)), VALUE(SUBSTITUTE(SUBSTITUTE(SUBSTITUTE(TRIM(AI27)," ",""),"차감",""),"일","")), IF(AND(YEAR(F27)=$M$3,MONTH(F27)=$N$3),$O$3-DAY(F27), IF(AND(YEAR(E27)=$M$3,MONTH(E27)=$N$3),DAY(E27)-1,0))) -> 1.5 | Q27: =ROUNDDOWN(G27/$O$3*P27,-1) -> 159670 | S27: =ROUNDDOWN(H27*R27,-1) -> 0 | T27: =G27-Q27-S27+N27+L27 -> 3140330 | U27: 1800000 | V27: 1 | W27: =A27 -> 22 | X27: =B27 -> 이금향 | Y27: =IF(T27<800000,0,(VLOOKUP(T27,'세액표(1202)'!A:L,V27+1))) -> 84620 | Z27: =ROUNDDOWN(Y27*10%,-1) -> 8460 | AA27: 85500 | AB27: =ROUNDDOWN(T27*3.595%,-1) -> 112890 | AC27: =ROUNDDOWN(AB27*13.14%,-1) -> 14830 | AD27: =ROUNDDOWN(T27*0.9%,-1) -> 28260 | AE27: =L27 -> 0 | AG27: =SUM(Y27:AF27) -> 334560 | AH27: =T27-AG27 -> 2805770 | AI27: =VLOOKUP(D27,'정직원 (2)'!$F$4:$M$81,8,0) -> 1.5차감 | AJ27: =DATEDIF(DATE(IF(VALUE(LEFT(D27,2))>22,1900,2000)+VALUE(LEFT(D27,2)),VALUE(MID(D27,3,2)),VALUE(MID(D27,5,2))),TODAY(),"Y") -> 59 | AK27: =_xlfn.LET( _xlpm.tag0, AI27, _xlpm.tag, TRIM(SUBSTITUTE(SUBSTITUTE(_xlpm.tag0," ",""),CHAR(160),"")), _xlpm.hasAdd, ISNUMBER(SEARCH("추가",_xlpm.tag)), _xlpm.hasSub, ISNUMBER(SEARCH("차감",_xlpm.tag)), _xlpm.rawText, SUBSTITUTE(SUBSTITUTE(_xlpm.tag,"추가",""),"차감",""), _xlpm.fac, IFERROR(VALUE(_xlpm.rawText),""), _xlpm.base, G27, _xlpm.denom, $O$3, _xlpm.expected, IF(_xlpm.hasAdd, _xlpm.base/_xlpm.denom*_xlpm.fac, IF(_xlpm.hasSub, ROUNDDOWN(_xlpm.base/_xlpm.denom*_xlpm.fac,-1),"")), _xlpm.tgt0, IF(_xlpm.hasSub, Q27, IF(_xlpm.hasAdd, N27, "")), _xlpm.tgt, IF(_xlpm.tgt0="","",IFERROR(1*SUBSTITUTE(_xlpm.tgt0,",",""),"")), _xlpm.diff, IF(AND(_xlpm.expected<>"",_xlpm.tgt<>""), _xlpm.tgt-_xlpm.expected,""), _xlpm.ok, IF(_xlpm.diff<>"", ABS(_xlpm.diff)<=1, FALSE), IF(_xlpm.tag="", "NO TAG", IF(NOT(OR(_xlpm.hasAdd,_xlpm.hasSub)), "INVALID TAG", IF(_xlpm.fac="", "BAD NUM", IF(_xlpm.tgt="", "NO VAL", IF(_xlpm.ok,"OK","NG: "&TEXT(_xlpm.diff,"#,##0")) ) ) ) ) ) -> OK | AL27: 3353225.8 | AO27: 3300000 | AP27: 1383880 | AQ27: 958070 | AR27: 3364390 | AS27: 3566129 | AT27: 3300000 | AU27: 2341940 | AV27: #N/A | AW27: #N/A
A28: =ROW()-5 -> 23 | B28: 김린 | C28: =INDEX('정직원 (2)'!$B$4:$B$77,MATCH(임금대장!B28,'정직원 (2)'!$C$4:$C$77,0)) -> 샐러드 | D28: =VLOOKUP(B28,'정직원 (2)'!$C$4:$F$77,4,0) -> 861016-6100690 | E28: =VLOOKUP(B28,'정직원 (2)'!$C$4:$J$81,8,0) -> 45890 | F28: =VLOOKUP(B28,'정직원 (2)'!$C$4:$L$81,10,0) -> 46046 | G28: =VLOOKUP(B28,'정직원 (2)'!$C$4:$F$81,3,0) -> 3300000 | H28: =ROUNDDOWN(G28/291,0) -> 11340 | I28: =ROUNDDOWN(($G28/291*209),0) -> 2370103 | J28: =ROUNDDOWN(($G28/291*65.2),0) -> 739381 | K28: =ROUNDUP(($G28/291*8.8),0) -> 99794 | L28: =VLOOKUP(B28,'정직원 (2)'!$C$4:$O$95,13,0) -> 0 | M28: =ROUNDUP(($G28/291*8),0) -> 90722 | N28: =IF(OR(AI28="",AI28=0),0, IF(ISNUMBER(SEARCH("추가",AI28)), G28/$O$3*VALUE(SUBSTITUTE(SUBSTITUTE(TRIM(AI28)," ",""),"추가","")), 0)) -> 0 | O28: =$O$3-P28 -> 24 | P28: =IF(ISNUMBER(SEARCH("차감",AI28)), VALUE(SUBSTITUTE(SUBSTITUTE(SUBSTITUTE(TRIM(AI28)," ",""),"차감",""),"일","")), IF(AND(YEAR(F28)=$M$3,MONTH(F28)=$N$3),$O$3-DAY(F28), IF(AND(YEAR(E28)=$M$3,MONTH(E28)=$N$3),DAY(E28)-1,0))) -> 7 | Q28: =ROUNDDOWN(G28/$O$3*P28,-1) -> 745160 | S28: =ROUNDDOWN(H28*R28,-1) -> 0 | T28: =G28-Q28-S28+N28+L28 -> 2554840 | U28: 1800000 | V28: 1 | W28: =A28 -> 23 | X28: =B28 -> 김린 | Y28: =IF(T28<800000,0,(VLOOKUP(T28,'세액표(1202)'!A:L,V28+1))) -> 36970 | Z28: =ROUNDDOWN(Y28*10%,-1) -> 3690 | AA28: 85500 | AB28: =ROUNDDOWN(T28*3.595%,-1) -> 91840 | AC28: =ROUNDDOWN(AB28*13.14%,-1) -> 12060 | AD28: =ROUNDDOWN(T28*0.9%,-1) -> 22990 | AE28: =L28 -> 0 | AG28: =SUM(Y28:AF28) -> 253050 | AH28: =T28-AG28 -> 2301790 | AI28: =VLOOKUP(D28,'정직원 (2)'!$F$4:$M$90,8,0) -> 0 | AJ28: =DATEDIF(DATE(IF(VALUE(LEFT(D28,2))>22,1900,2000)+VALUE(LEFT(D28,2)),VALUE(MID(D28,3,2)),VALUE(MID(D28,5,2))),TODAY(),"Y") -> 39 | AK28: =_xlfn.LET( _xlpm.tag0, AI28, _xlpm.tag, TRIM(SUBSTITUTE(SUBSTITUTE(_xlpm.tag0," ",""),CHAR(160),"")), _xlpm.hasAdd, ISNUMBER(SEARCH("추가",_xlpm.tag)), _xlpm.hasSub, ISNUMBER(SEARCH("차감",_xlpm.tag)), _xlpm.rawText, SUBSTITUTE(SUBSTITUTE(_xlpm.tag,"추가",""),"차감",""), _xlpm.fac, IFERROR(VALUE(_xlpm.rawText),""), _xlpm.base, G28, _xlpm.denom, $O$3, _xlpm.expected, IF(_xlpm.hasAdd, _xlpm.base/_xlpm.denom*_xlpm.fac, IF(_xlpm.hasSub, ROUNDDOWN(_xlpm.base/_xlpm.denom*_xlpm.fac,-1),"")), _xlpm.tgt0, IF(_xlpm.hasSub, Q28, IF(_xlpm.hasAdd, N28, "")), _xlpm.tgt, IF(_xlpm.tgt0="","",IFERROR(1*SUBSTITUTE(_xlpm.tgt0,",",""),"")), _xlpm.diff, IF(AND(_xlpm.expected<>"",_xlpm.tgt<>""), _xlpm.tgt-_xlpm.expected,""), _xlpm.ok, IF(_xlpm.diff<>"", ABS(_xlpm.diff)<=1, FALSE), IF(_xlpm.tag="", "NO TAG", IF(NOT(OR(_xlpm.hasAdd,_xlpm.hasSub)), "INVALID TAG", IF(_xlpm.fac="", "BAD NUM", IF(_xlpm.tgt="", "NO VAL", IF(_xlpm.ok,"OK","NG: "&TEXT(_xlpm.diff,"#,##0")) ) ) ) ) ) -> INVALID TAG | AL28: 3353225.8 | AO28: 3300000 | AP28: 1170970 | AQ28: 987100 | AR28: 3364390 | AS28: 3566129 | AT28: 3300000 | AU28: 2341940 | AV28: #N/A | AW28: #N/A
A29: =ROW()-5 -> 24 | B29: 박성재 | C29: =INDEX('정직원 (2)'!$B$4:$B$77,MATCH(임금대장!B29,'정직원 (2)'!$C$4:$C$77,0)) -> 홀 | D29: =VLOOKUP(B29,'정직원 (2)'!$C$4:$F$77,4,0) -> 061020-3178512 | E29: =VLOOKUP(B29,'정직원 (2)'!$C$4:$J$81,8,0) -> 45901 | F29: =VLOOKUP(B29,'정직원 (2)'!$C$4:$L$81,10,0) -> 46022 | G29: =VLOOKUP(B29,'정직원 (2)'!$C$4:$F$81,3,0) -> 3200000 | H29: =ROUNDDOWN(G29/291,0) -> 10996 | I29: =ROUNDUP(($G29/291*209),0) -> 2298282 | J29: =ROUNDDOWN(($G29/291*65.2),0) -> 716975 | K29: =ROUNDUP(($G29/291*8.8),0) -> 96770 | L29: =VLOOKUP(B29,'정직원 (2)'!$C$4:$O$95,13,0) -> 0 | M29: =ROUNDUP(($G29/291*8),0) -> 87973 | N29: =IF(OR(AI29="",AI29=0),0, IF(ISNUMBER(SEARCH("추가",AI29)), G29/$O$3*VALUE(SUBSTITUTE(SUBSTITUTE(TRIM(AI29)," ",""),"추가","")), 0)) -> 0 | O29: =$O$3-P29 -> 0 | P29: 31 | Q29: =ROUNDDOWN(G29/$O$3*P29,-1) -> 3200000 | S29: =ROUNDDOWN(H29*R29,-1) -> 0 | T29: =G29-Q29-S29+N29+L29 -> 0 | U29: 1800000 | V29: 1 | W29: =A29 -> 24 | X29: =B29 -> 박성재 | Y29: =IF(T29<800000,0,(VLOOKUP(T29,'세액표(1202)'!A:L,V29+1))) -> 0 | Z29: =ROUNDDOWN(Y29*10%,-1) -> 0 | AB29: =ROUNDDOWN(T29*3.595%,-1) -> 0 | AC29: =ROUNDDOWN(AB29*13.14%,-1) -> 0 | AD29: =ROUNDDOWN(T29*0.9%,-1) -> 0 | AE29: =L29 -> 0 | AG29: =SUM(Y29:AF29) -> 0 | AH29: =T29-AG29 -> 0 | AI29: =VLOOKUP(D29,'정직원 (2)'!$F$4:$M$81,8,0) -> 0 | AJ29: =DATEDIF(DATE(IF(VALUE(LEFT(D29,2))>22,1900,2000)+VALUE(LEFT(D29,2)),VALUE(MID(D29,3,2)),VALUE(MID(D29,5,2))),TODAY(),"Y") -> 19 | AK29: =_xlfn.LET( _xlpm.tag0, AI29, _xlpm.tag, TRIM(SUBSTITUTE(SUBSTITUTE(_xlpm.tag0," ",""),CHAR(160),"")), _xlpm.hasAdd, ISNUMBER(SEARCH("추가",_xlpm.tag)), _xlpm.hasSub, ISNUMBER(SEARCH("차감",_xlpm.tag)), _xlpm.rawText, SUBSTITUTE(SUBSTITUTE(_xlpm.tag,"추가",""),"차감",""), _xlpm.fac, IFERROR(VALUE(_xlpm.rawText),""), _xlpm.base, G29, _xlpm.denom, $O$3, _xlpm.expected, IF(_xlpm.hasAdd, _xlpm.base/_xlpm.denom*_xlpm.fac, IF(_xlpm.hasSub, ROUNDDOWN(_xlpm.base/_xlpm.denom*_xlpm.fac,-1),"")), _xlpm.tgt0, IF(_xlpm.hasSub, Q29, IF(_xlpm.hasAdd, N29, "")), _xlpm.tgt, IF(_xlpm.tgt0="","",IFERROR(1*SUBSTITUTE(_xlpm.tgt0,",",""),"")), _xlpm.diff, IF(AND(_xlpm.expected<>"",_xlpm.tgt<>""), _xlpm.tgt-_xlpm.expected,""), _xlpm.ok, IF(_xlpm.diff<>"", ABS(_xlpm.diff)<=1, FALSE), IF(_xlpm.tag="", "NO TAG", IF(NOT(OR(_xlpm.hasAdd,_xlpm.hasSub)), "INVALID TAG", IF(_xlpm.fac="", "BAD NUM", IF(_xlpm.tgt="", "NO VAL", IF(_xlpm.ok,"OK","NG: "&TEXT(_xlpm.diff,"#,##0")) ) ) ) ) ) -> INVALID TAG | AL29: 3251612.9 | AO29: 3200000 | AP29: 790330 | AQ29: 798390 | AR29: 3364390 | AS29: 3566129 | AT29: 3300000 | AU29: 2341940 | AV29: #N/A | AW29: #N/A
A30: =ROW()-5 -> 25 | B30: 김연희 | C30: =INDEX('정직원 (2)'!$B$4:$B$20,MATCH(임금대장!B30,'정직원 (2)'!$C$4:$C$20,0)) -> 롤 | D30: =VLOOKUP(B30,'정직원 (2)'!$C$4:$F$20,4,0) -> 770210-6102899 | E30: 45901 | F30: =VLOOKUP(B30,'정직원 (2)'!$C$4:$L$81,10,0) -> 0 | G30: =VLOOKUP(B30,'정직원 (2)'!$C$4:$F$81,3,0) -> 3300000 | H30: =ROUNDDOWN(G30/291,0) -> 11340 | I30: =ROUNDDOWN(($G30/291*209),0) -> 2370103 | J30: =ROUNDDOWN(($G30/291*65.2),0) -> 739381 | K30: =ROUNDUP(($G30/291*8.8),0) -> 99794 | L30: =VLOOKUP(B30,'정직원 (2)'!$C$4:$O$95,13,0) -> 0 | M30: =ROUNDUP(($G30/291*8),0) -> 90722 | N30: =IF(OR(AI30="",AI30=0),0, IF(ISNUMBER(SEARCH("추가",AI30)), G30/$O$3*VALUE(SUBSTITUTE(SUBSTITUTE(TRIM(AI30)," ",""),"추가","")), 0)) -> 159677.42 | O30: =$O$3-P30 -> 31 | P30: =IF(ISNUMBER(SEARCH("차감",AI30)), VALUE(SUBSTITUTE(SUBSTITUTE(SUBSTITUTE(TRIM(AI30)," ",""),"차감",""),"일","")), IF(AND(YEAR(F30)=$M$3,MONTH(F30)=$N$3),$O$3-DAY(F30), IF(AND(YEAR(E30)=$M$3,MONTH(E30)=$N$3),DAY(E30)-1,0))) -> 0 | Q30: =ROUNDDOWN(G30/$O$3*P30,-1) -> 0 | S30: =ROUNDDOWN(H30*R30,-1) -> 0 | T30: =G30-Q30-S30+N30+L30 -> 3459677.4 | U30: 1800000 | V30: 1 | W30: =A30 -> 25 | X30: =B30 -> 김연희 | Y30: =IF(T30<800000,0,(VLOOKUP(T30,'세액표(1202)'!A:L,V30+1))) -> 117440 | Z30: =ROUNDDOWN(Y30*10%,-1) -> 11740 | AA30: 85500 | AB30: =ROUNDDOWN(T30*3.595%,-1) -> 124370 | AC30: =ROUNDDOWN(AB30*13.14%,-1) -> 16340 | AE30: =L30 -> 0 | AG30: =SUM(Y30:AF30) -> 355390 | AH30: =T30-AG30 -> 3104287.4 | AI30: =VLOOKUP(D30,'정직원 (2)'!$F$4:$M$25,8,0) -> 1.5추가 | AJ30: =DATEDIF(DATE(IF(VALUE(LEFT(D30,2))>22,1900,2000)+VALUE(LEFT(D30,2)),VALUE(MID(D30,3,2)),VALUE(MID(D30,5,2))),TODAY(),"Y") -> 48 | AK30: =_xlfn.LET( _xlpm.tag0, AI30, _xlpm.tag, TRIM(SUBSTITUTE(SUBSTITUTE(_xlpm.tag0," ",""),CHAR(160),"")), _xlpm.hasAdd, ISNUMBER(SEARCH("추가",_xlpm.tag)), _xlpm.hasSub, ISNUMBER(SEARCH("차감",_xlpm.tag)), _xlpm.rawText, SUBSTITUTE(SUBSTITUTE(_xlpm.tag,"추가",""),"차감",""), _xlpm.fac, IFERROR(VALUE(_xlpm.rawText),""), _xlpm.base, G30, _xlpm.denom, $O$3, _xlpm.expected, IF(_xlpm.hasAdd, _xlpm.base/_xlpm.denom*_xlpm.fac, IF(_xlpm.hasSub, ROUNDDOWN(_xlpm.base/_xlpm.denom*_xlpm.fac,-1),"")), _xlpm.tgt0, IF(_xlpm.hasSub, Q30, IF(_xlpm.hasAdd, N30, "")), _xlpm.tgt, IF(_xlpm.tgt0="","",IFERROR(1*SUBSTITUTE(_xlpm.tgt0,",",""),"")), _xlpm.diff, IF(AND(_xlpm.expected<>"",_xlpm.tgt<>""), _xlpm.tgt-_xlpm.expected,""), _xlpm.ok, IF(_xlpm.diff<>"", ABS(_xlpm.diff)<=1, FALSE), IF(_xlpm.tag="", "NO TAG", IF(NOT(OR(_xlpm.hasAdd,_xlpm.hasSub)), "INVALID TAG", IF(_xlpm.fac="", "BAD NUM", IF(_xlpm.tgt="", "NO VAL", IF(_xlpm.ok,"OK","NG: "&TEXT(_xlpm.diff,"#,##0")) ) ) ) ) ) -> OK | AL30: 3406451.6 | AO30: 3080000 | AP30: 3353225.8 | AQ30: 3140330 | AR30: 2530000 | AS30: 3566129 | AT30: 3300000 | AU30: 2341940 | AV30: #N/A | AW30: #N/A
A31: =ROW()-5 -> 26 | B31: 전용현 | C31: =INDEX('정직원 (2)'!$B$4:$B$77,MATCH(임금대장!B31,'정직원 (2)'!$C$4:$C$77,0)) -> 핫/즉석 | D31: =VLOOKUP(B31,'정직원 (2)'!$C$4:$F$77,4,0) -> 000316-3154622 | E31: =VLOOKUP(B31,'정직원 (2)'!$C$4:$J$81,8,0) -> 45908 | F31: 46033 | G31: 3200000 | H31: =ROUNDDOWN(G31/291,0) -> 10996 | I31: =ROUNDUP(($G31/291*209),0) -> 2298282 | J31: =ROUNDDOWN(($G31/291*65.2),0) -> 716975 | K31: =ROUNDUP(($G31/291*8.8),0) -> 96770 | L31: =VLOOKUP(B31,'정직원 (2)'!$C$4:$O$95,13,0) -> 0 | M31: =ROUNDUP(($G31/291*8),0) -> 87973 | O31: =$O$3-P31 -> 11 | P31: =IF(ISNUMBER(SEARCH("차감",AI31)), VALUE(SUBSTITUTE(SUBSTITUTE(SUBSTITUTE(TRIM(AI31)," ",""),"차감",""),"일","")), IF(AND(YEAR(F31)=$M$3,MONTH(F31)=$N$3),$O$3-DAY(F31), IF(AND(YEAR(E31)=$M$3,MONTH(E31)=$N$3),DAY(E31)-1,0))) -> 20 | Q31: =ROUNDDOWN(G31/$O$3*P31,-1) -> 2064510 | S31: =ROUNDDOWN(H31*R31,-1) -> 0 | T31: =G31-Q31-S31+N31+L31 -> 1135490 | U31: 1800000 | V31: 1 | W31: =A31 -> 26 | X31: =B31 -> 전용현 | Z31: =ROUNDDOWN(Y31*10%,-1) -> 0 | AA31: 85500 | AB31: =ROUNDDOWN(T31*3.595%,-1) -> 40820 | AC31: =ROUNDDOWN(AB31*13.14%,-1) -> 5360 | AD31: =ROUNDDOWN(T31*0.9%,-1) -> 10210 | AE31: =L31 -> 0 | AG31: =SUM(Y31:AF31) -> 141890 | AH31: =T31-AG31 -> 993600 | AJ31: =DATEDIF(DATE(IF(VALUE(LEFT(D31,2))>22,1900,2000)+VALUE(LEFT(D31,2)),VALUE(MID(D31,3,2)),VALUE(MID(D31,5,2))),TODAY(),"Y") -> 25 | AK31: =_xlfn.LET( _xlpm.tag0, AI31, _xlpm.tag, TRIM(SUBSTITUTE(SUBSTITUTE(_xlpm.tag0," ",""),CHAR(160),"")), _xlpm.hasAdd, ISNUMBER(SEARCH("추가",_xlpm.tag)), _xlpm.hasSub, ISNUMBER(SEARCH("차감",_xlpm.tag)), _xlpm.rawText, SUBSTITUTE(SUBSTITUTE(_xlpm.tag,"추가",""),"차감",""), _xlpm.fac, IFERROR(VALUE(_xlpm.rawText),""), _xlpm.base, G31, _xlpm.denom, $O$3, _xlpm.expected, IF(_xlpm.hasAdd, _xlpm.base/_xlpm.denom*_xlpm.fac, IF(_xlpm.hasSub, ROUNDDOWN(_xlpm.base/_xlpm.denom*_xlpm.fac,-1),"")), _xlpm.tgt0, IF(_xlpm.hasSub, Q31, IF(_xlpm.hasAdd, N31, "")), _xlpm.tgt, IF(_xlpm.tgt0="","",IFERROR(1*SUBSTITUTE(_xlpm.tgt0,",",""),"")), _xlpm.diff, IF(AND(_xlpm.expected<>"",_xlpm.tgt<>""), _xlpm.tgt-_xlpm.expected,""), _xlpm.ok, IF(_xlpm.diff<>"", ABS(_xlpm.diff)<=1, FALSE), IF(_xlpm.tag="", "NO TAG", IF(NOT(OR(_xlpm.hasAdd,_xlpm.hasSub)), "INVALID TAG", IF(_xlpm.fac="", "BAD NUM", IF(_xlpm.tgt="", "NO VAL", IF(_xlpm.ok,"OK","NG: "&TEXT(_xlpm.diff,"#,##0")) ) ) ) ) ) -> NO TAG | AL31: 3251612.9 | AO31: 2453340 | AP31: 1383880 | AQ31: 958070 | AR31: 3364390 | AS31: 3566129 | AT31: 3300000 | AU31: 2341940 | AV31: #N/A | AW31: #N/A
A32: =ROW()-5 -> 27 | B32: 노근희 | C32: =INDEX('정직원 (2)'!$B$4:$B$77,MATCH(임금대장!B32,'정직원 (2)'!$C$4:$C$77,0)) -> 핫/즉석 | D32: =VLOOKUP(B32,'정직원 (2)'!$C$4:$F$77,4,0) -> 000927-3054211 | E32: =VLOOKUP(B32,'정직원 (2)'!$C$4:$J$81,8,0) -> 45922 | F32: =VLOOKUP(B32,'정직원 (2)'!$C$4:$L$81,10,0) -> 0 | G32: =VLOOKUP(B32,'정직원 (2)'!$C$4:$F$81,3,0) -> 3200000 | H32: =ROUNDDOWN(G32/291,0) -> 10996 | I32: =ROUNDUP(($G32/291*209),0) -> 2298282 | J32: =ROUNDDOWN(($G32/291*65.2),0) -> 716975 | K32: =ROUNDUP(($G32/291*8.8),0) -> 96770 | L32: =VLOOKUP(B32,'정직원 (2)'!$C$4:$O$95,13,0) -> 0 | M32: =ROUNDUP(($G32/291*8),0) -> 87973 | N32: =IF(OR(AI32="",AI32=0),0, IF(ISNUMBER(SEARCH("추가",AI32)), G32/$O$3*VALUE(SUBSTITUTE(SUBSTITUTE(TRIM(AI32)," ",""),"추가","")), 0)) -> 154838.71 | O32: =$O$3-P32 -> 31 | P32: =IF(ISNUMBER(SEARCH("차감",AI32)), VALUE(SUBSTITUTE(SUBSTITUTE(SUBSTITUTE(TRIM(AI32)," ",""),"차감",""),"일","")), IF(AND(YEAR(F32)=$M$3,MONTH(F32)=$N$3),$O$3-DAY(F32), IF(AND(YEAR(E32)=$M$3,MONTH(E32)=$N$3),DAY(E32)-1,0))) -> 0 | Q32: =ROUNDDOWN(G32/$O$3*P32,-1) -> 0 | S32: =ROUNDDOWN(H32*R32,-1) -> 0 | T32: =G32-Q32-S32+N32+L32 -> 3354838.7 | U32: 1800000 | V32: 1 | W32: =A32 -> 27 | X32: =B32 -> 노근희 | Y32: =IF(T32<800000,0,(VLOOKUP(T32,'세액표(1202)'!A:L,V32+1))) -> 105210 | Z32: =ROUNDDOWN(Y32*10%,-1) -> 10520 | AA32: 85500 | AB32: =ROUNDDOWN(T32*3.595%,-1) -> 120600 | AC32: =ROUNDDOWN(AB32*13.14%,-1) -> 15840 | AD32: =ROUNDDOWN(T32*0.9%,-1) -> 30190 | AE32: =L32 -> 0 | AG32: =SUM(Y32:AF32) -> 367860 | AH32: =T32-AG32 -> 2986978.7 | AI32: =VLOOKUP(D32,'정직원 (2)'!$F$4:$M$81,8,0) -> 1.5추가 | AJ32: =DATEDIF(DATE(IF(VALUE(LEFT(D32,2))>22,1900,2000)+VALUE(LEFT(D32,2)),VALUE(MID(D32,3,2)),VALUE(MID(D32,5,2))),TODAY(),"Y") -> 25 | AK32: =_xlfn.LET( _xlpm.tag0, AI32, _xlpm.tag, TRIM(SUBSTITUTE(SUBSTITUTE(_xlpm.tag0," ",""),CHAR(160),"")), _xlpm.hasAdd, ISNUMBER(SEARCH("추가",_xlpm.tag)), _xlpm.hasSub, ISNUMBER(SEARCH("차감",_xlpm.tag)), _xlpm.rawText, SUBSTITUTE(SUBSTITUTE(_xlpm.tag,"추가",""),"차감",""), _xlpm.fac, IFERROR(VALUE(_xlpm.rawText),""), _xlpm.base, G32, _xlpm.denom, $O$3, _xlpm.expected, IF(_xlpm.hasAdd, _xlpm.base/_xlpm.denom*_xlpm.fac, IF(_xlpm.hasSub, ROUNDDOWN(_xlpm.base/_xlpm.denom*_xlpm.fac,-1),"")), _xlpm.tgt0, IF(_xlpm.hasSub, Q32, IF(_xlpm.hasAdd, N32, "")), _xlpm.tgt, IF(_xlpm.tgt0="","",IFERROR(1*SUBSTITUTE(_xlpm.tgt0,",",""),"")), _xlpm.diff, IF(AND(_xlpm.expected<>"",_xlpm.tgt<>""), _xlpm.tgt-_xlpm.expected,""), _xlpm.ok, IF(_xlpm.diff<>"", ABS(_xlpm.diff)<=1, FALSE), IF(_xlpm.tag="", "NO TAG", IF(NOT(OR(_xlpm.hasAdd,_xlpm.hasSub)), "INVALID TAG", IF(_xlpm.fac="", "BAD NUM", IF(_xlpm.tgt="", "NO VAL", IF(_xlpm.ok,"OK","NG: "&TEXT(_xlpm.diff,"#,##0")) ) ) ) ) ) -> OK | AL32: 3354838.7 | AO32: 960000 | AP32: 1170970 | AQ32: 987100 | AR32: 3364390 | AS32: 3566129 | AT32: 3300000 | AU32: 2341940 | AV32: #N/A | AW32: #N/A
A33: =ROW()-5 -> 28 | B33: 강현경 | C33: =INDEX('정직원 (2)'!$B$4:$B$77,MATCH(임금대장!B33,'정직원 (2)'!$C$4:$C$77,0)) -> 초다이 | D33: =VLOOKUP(B33,'정직원 (2)'!$C$4:$F$77,4,0) -> 951206-2158027 | E33: =VLOOKUP(B33,'정직원 (2)'!$C$4:$J$81,8,0) -> 45941 | F33: =VLOOKUP(B33,'정직원 (2)'!$C$4:$L$81,10,0) -> 0 | G33: =VLOOKUP(B33,'정직원 (2)'!$C$4:$F$81,3,0) -> 3300000 | H33: =ROUNDDOWN(G33/291,0) -> 11340 | I33: =ROUNDDOWN(($G33/291*209),0) -> 2370103 | J33: =ROUNDDOWN(($G33/291*65.2),0) -> 739381 | K33: =ROUNDUP(($G33/291*8.8),0) -> 99794 | L33: =VLOOKUP(B33,'정직원 (2)'!$C$4:$O$95,13,0) -> 0 | M33: =ROUNDUP(($G33/291*8),0) -> 90722 | N33: =IF(OR(AI33="",AI33=0),0, IF(ISNUMBER(SEARCH("추가",AI33)), G33/$O$3*VALUE(SUBSTITUTE(SUBSTITUTE(TRIM(AI33)," ",""),"추가","")), 0)) -> 53225.806 | O33: =$O$3-P33 -> 31 | P33: =IF(ISNUMBER(SEARCH("차감",AI33)), VALUE(SUBSTITUTE(SUBSTITUTE(SUBSTITUTE(TRIM(AI33)," ",""),"차감",""),"일","")), IF(AND(YEAR(F33)=$M$3,MONTH(F33)=$N$3),$O$3-DAY(F33), IF(AND(YEAR(E33)=$M$3,MONTH(E33)=$N$3),DAY(E33)-1,0))) -> 0 | Q33: =ROUNDDOWN(G33/$O$3*P33,-1) -> 0 | S33: =ROUNDDOWN(H33*R33,-1) -> 0 | T33: =G33-Q33-S33+N33+L33 -> 3353225.8 | U33: 1800000 | V33: 1 | W33: =A33 -> 28 | X33: =B33 -> 강현경 | Y33: =IF(T33<800000,0,(VLOOKUP(T33,'세액표(1202)'!A:L,V33+1))) -> 105210 | Z33: =ROUNDDOWN(Y33*10%,-1) -> 10520 | AA33: 85500 | AB33: =ROUNDDOWN(T33*3.595%,-1) -> 120540 | AC33: =ROUNDDOWN(AB33*13.14%,-1) -> 15830 | AD33: =ROUNDDOWN(T33*0.9%,-1) -> 30170 | AE33: =L33 -> 0 | AG33: =SUM(Y33:AF33) -> 367770 | AH33: =T33-AG33 -> 2985455.8 | AI33: =VLOOKUP(D33,'정직원 (2)'!$F$4:$M$81,8,0) -> 0.5추가 | AJ33: =DATEDIF(DATE(IF(VALUE(LEFT(D33,2))>22,1900,2000)+VALUE(LEFT(D33,2)),VALUE(MID(D33,3,2)),VALUE(MID(D33,5,2))),TODAY(),"Y") -> 30 | AK33: =_xlfn.LET( _xlpm.tag0, AI33, _xlpm.tag, TRIM(SUBSTITUTE(SUBSTITUTE(_xlpm.tag0," ",""),CHAR(160),"")), _xlpm.hasAdd, ISNUMBER(SEARCH("추가",_xlpm.tag)), _xlpm.hasSub, ISNUMBER(SEARCH("차감",_xlpm.tag)), _xlpm.rawText, SUBSTITUTE(SUBSTITUTE(_xlpm.tag,"추가",""),"차감",""), _xlpm.fac, IFERROR(VALUE(_xlpm.rawText),""), _xlpm.base, G33, _xlpm.denom, $O$3, _xlpm.expected, IF(_xlpm.hasAdd, _xlpm.base/_xlpm.denom*_xlpm.fac, IF(_xlpm.hasSub, ROUNDDOWN(_xlpm.base/_xlpm.denom*_xlpm.fac,-1),"")), _xlpm.tgt0, IF(_xlpm.hasSub, Q33, IF(_xlpm.hasAdd, N33, "")), _xlpm.tgt, IF(_xlpm.tgt0="","",IFERROR(1*SUBSTITUTE(_xlpm.tgt0,",",""),"")), _xlpm.diff, IF(AND(_xlpm.expected<>"",_xlpm.tgt<>""), _xlpm.tgt-_xlpm.expected,""), _xlpm.ok, IF(_xlpm.diff<>"", ABS(_xlpm.diff)<=1, FALSE), IF(_xlpm.tag="", "NO TAG", IF(NOT(OR(_xlpm.hasAdd,_xlpm.hasSub)), "INVALID TAG", IF(_xlpm.fac="", "BAD NUM", IF(_xlpm.tgt="", "NO VAL", IF(_xlpm.ok,"OK","NG: "&TEXT(_xlpm.diff,"#,##0")) ) ) ) ) ) -> OK | AL33: 3459677.4 | AO33: 960000 | AP33: 1170970 | AQ33: 987100 | AR33: 3364390 | AS33: 3566129 | AT33: 3300000 | AU33: 2341940 | AV33: #N/A | AW33: #N/A
A34: =ROW()-5 -> 29 | B34: 김미숙 | C34: =INDEX('정직원 (2)'!$B$4:$B$77,MATCH(임금대장!B34,'정직원 (2)'!$C$4:$C$77,0)) -> 세척 | D34: =VLOOKUP(B34,'정직원 (2)'!$C$4:$F$77,4,0) -> 690610-2328312 | E34: =VLOOKUP(B34,'정직원 (2)'!$C$4:$J$81,8,0) -> 45933 | F34: =VLOOKUP(B34,'정직원 (2)'!$C$4:$L$81,10,0) -> 0 | G34: =VLOOKUP(B34,'정직원 (2)'!$C$4:$F$81,3,0) -> 3300000 | H34: =ROUNDDOWN(G34/291,0) -> 11340 | I34: =ROUNDDOWN(($G34/291*209),0) -> 2370103 | J34: =ROUNDDOWN(($G34/291*65.2),0) -> 739381 | K34: =ROUNDUP(($G34/291*8.8),0) -> 99794 | L34: =VLOOKUP(B34,'정직원 (2)'!$C$4:$O$95,13,0) -> 0 | M34: =ROUNDUP(($G34/291*8),0) -> 90722 | N34: =IF(OR(AI34="",AI34=0),0, IF(ISNUMBER(SEARCH("추가",AI34)), G34/$O$3*VALUE(SUBSTITUTE(SUBSTITUTE(TRIM(AI34)," ",""),"추가","")), 0)) -> 159677.42 | O34: =$O$3-P34 -> 31 | P34: =IF(ISNUMBER(SEARCH("차감",AI34)), VALUE(SUBSTITUTE(SUBSTITUTE(SUBSTITUTE(TRIM(AI34)," ",""),"차감",""),"일","")), IF(AND(YEAR(F34)=$M$3,MONTH(F34)=$N$3),$O$3-DAY(F34), IF(AND(YEAR(E34)=$M$3,MONTH(E34)=$N$3),DAY(E34)-1,0))) -> 0 | Q34: =ROUNDDOWN(G34/$O$3*P34,-1) -> 0 | S34: =ROUNDDOWN(H34*R34,-1) -> 0 | T34: =G34-Q34-S34+N34+L34 -> 3459677.4 | U34: 1800000 | V34: 1 | W34: =A34 -> 29 | X34: =B34 -> 김미숙 | Y34: =IF(T34<800000,0,(VLOOKUP(T34,'세액표(1202)'!A:L,V34+1))) -> 117440 | Z34: =ROUNDDOWN(Y34*10%,-1) -> 11740 | AA34: 85500 | AB34: =ROUNDDOWN(T34*3.595%,-1) -> 124370 | AC34: =ROUNDDOWN(AB34*13.14%,-1) -> 16340 | AD34: =ROUNDDOWN(T34*0.9%,-1) -> 31130 | AE34: =L34 -> 0 | AG34: =SUM(Y34:AF34) -> 386520 | AH34: =T34-AG34 -> 3073157.4 | AI34: =VLOOKUP(D34,'정직원 (2)'!$F$4:$M$81,8,0) -> 1.5추가 | AJ34: =DATEDIF(DATE(IF(VALUE(LEFT(D34,2))>22,1900,2000)+VALUE(LEFT(D34,2)),VALUE(MID(D34,3,2)),VALUE(MID(D34,5,2))),TODAY(),"Y") -> 56 | AK34: =_xlfn.LET( _xlpm.tag0, AI34, _xlpm.tag, TRIM(SUBSTITUTE(SUBSTITUTE(_xlpm.tag0," ",""),CHAR(160),"")), _xlpm.hasAdd, ISNUMBER(SEARCH("추가",_xlpm.tag)), _xlpm.hasSub, ISNUMBER(SEARCH("차감",_xlpm.tag)), _xlpm.rawText, SUBSTITUTE(SUBSTITUTE(_xlpm.tag,"추가",""),"차감",""), _xlpm.fac, IFERROR(VALUE(_xlpm.rawText),""), _xlpm.base, G34, _xlpm.denom, $O$3, _xlpm.expected, IF(_xlpm.hasAdd, _xlpm.base/_xlpm.denom*_xlpm.fac, IF(_xlpm.hasSub, ROUNDDOWN(_xlpm.base/_xlpm.denom*_xlpm.fac,-1),"")), _xlpm.tgt0, IF(_xlpm.hasSub, Q34, IF(_xlpm.hasAdd, N34, "")), _xlpm.tgt, IF(_xlpm.tgt0="","",IFERROR(1*SUBSTITUTE(_xlpm.tgt0,",",""),"")), _xlpm.diff, IF(AND(_xlpm.expected<>"",_xlpm.tgt<>""), _xlpm.tgt-_xlpm.expected,""), _xlpm.ok, IF(_xlpm.diff<>"", ABS(_xlpm.diff)<=1, FALSE), IF(_xlpm.tag="", "NO TAG", IF(NOT(OR(_xlpm.hasAdd,_xlpm.hasSub)), "INVALID TAG", IF(_xlpm.fac="", "BAD NUM", IF(_xlpm.tgt="", "NO VAL", IF(_xlpm.ok,"OK","NG: "&TEXT(_xlpm.diff,"#,##0")) ) ) ) ) ) -> OK | AL34: 3353225.8 | AO34: 960000 | AP34: 1170970 | AQ34: 987100 | AR34: 3364390 | AS34: 3566129 | AT34: 3300000 | AU34: 2341940 | AV34: #N/A | AW34: #N/A
A35: =ROW()-5 -> 30 | B35: 정지훈 | C35: =INDEX('정직원 (2)'!$B$4:$B$77,MATCH(임금대장!B35,'정직원 (2)'!$C$4:$C$77,0)) -> 초다이 | D35: =VLOOKUP(B35,'정직원 (2)'!$C$4:$F$77,4,0) -> 841217-1183319 | E35: =VLOOKUP(B35,'정직원 (2)'!$C$4:$J$81,8,0) -> 45971 | F35: =VLOOKUP(B35,'정직원 (2)'!$C$4:$L$81,10,0) -> 0 | G35: =VLOOKUP(B35,'정직원 (2)'!$C$4:$F$81,3,0) -> 3800000 | H35: =ROUNDDOWN(G35/291,0) -> 13058 | I35: =ROUNDDOWN(($G35/291*209),0) -> 2729209 | J35: =ROUNDDOWN(($G35/291*65.2),0) -> 851408 | K35: =ROUNDUP(($G35/291*8.8),0) -> 114915 | L35: =VLOOKUP(B35,'정직원 (2)'!$C$4:$O$95,13,0) -> 0 | M35: =ROUNDUP(($G35/291*8),0) -> 104468 | N35: =IF(OR(AI35="",AI35=0),0, IF(ISNUMBER(SEARCH("추가",AI35)), G35/$O$3*VALUE(SUBSTITUTE(SUBSTITUTE(TRIM(AI35)," ",""),"추가","")), 0)) -> 183870.97 | O35: =$O$3-P35 -> 31 | P35: =IF(ISNUMBER(SEARCH("차감",AI35)), VALUE(SUBSTITUTE(SUBSTITUTE(SUBSTITUTE(TRIM(AI35)," ",""),"차감",""),"일","")), IF(AND(YEAR(F35)=$M$3,MONTH(F35)=$N$3),$O$3-DAY(F35), IF(AND(YEAR(E35)=$M$3,MONTH(E35)=$N$3),DAY(E35)-1,0))) -> 0 | Q35: =ROUNDDOWN(G35/$O$3*P35,-1) -> 0 | S35: =ROUNDDOWN(H35*R35,-1) -> 0 | T35: =G35-Q35-S35+N35+L35 -> 3983871 | U35: 1800000 | V35: 1 | W35: =A35 -> 30 | X35: =B35 -> 정지훈 | Y35: =IF(T35<800000,0,(VLOOKUP(T35,'세액표(1202)'!A:L,V35+1))) -> 190620 | Z35: =ROUNDDOWN(Y35*10%,-1) -> 19060 | AA35: 85500 | AB35: =ROUNDDOWN(T35*3.595%,-1) -> 143220 | AC35: =ROUNDDOWN(AB35*13.14%,-1) -> 18810 | AD35: =ROUNDDOWN(T35*0.9%,-1) -> 35850 | AE35: =L35 -> 0 | AG35: =SUM(Y35:AF35) -> 493060 | AH35: =T35-AG35 -> 3490811 | AI35: =VLOOKUP(D35,'정직원 (2)'!$F$4:$M$81,8,0) -> 1.5추가 | AJ35: =DATEDIF(DATE(IF(VALUE(LEFT(D35,2))>22,1900,2000)+VALUE(LEFT(D35,2)),VALUE(MID(D35,3,2)),VALUE(MID(D35,5,2))),TODAY(),"Y") -> 41 | AK35: =_xlfn.LET( _xlpm.tag0, AI35, _xlpm.tag, TRIM(SUBSTITUTE(SUBSTITUTE(_xlpm.tag0," ",""),CHAR(160),"")), _xlpm.hasAdd, ISNUMBER(SEARCH("추가",_xlpm.tag)), _xlpm.hasSub, ISNUMBER(SEARCH("차감",_xlpm.tag)), _xlpm.rawText, SUBSTITUTE(SUBSTITUTE(_xlpm.tag,"추가",""),"차감",""), _xlpm.fac, IFERROR(VALUE(_xlpm.rawText),""), _xlpm.base, G35, _xlpm.denom, $O$3, _xlpm.expected, IF(_xlpm.hasAdd, _xlpm.base/_xlpm.denom*_xlpm.fac, IF(_xlpm.hasSub, ROUNDDOWN(_xlpm.base/_xlpm.denom*_xlpm.fac,-1),"")), _xlpm.tgt0, IF(_xlpm.hasSub, Q35, IF(_xlpm.hasAdd, N35, "")), _xlpm.tgt, IF(_xlpm.tgt0="","",IFERROR(1*SUBSTITUTE(_xlpm.tgt0,",",""),"")), _xlpm.diff, IF(AND(_xlpm.expected<>"",_xlpm.tgt<>""), _xlpm.tgt-_xlpm.expected,""), _xlpm.ok, IF(_xlpm.diff<>"", ABS(_xlpm.diff)<=1, FALSE), IF(_xlpm.tag="", "NO TAG", IF(NOT(OR(_xlpm.hasAdd,_xlpm.hasSub)), "INVALID TAG", IF(_xlpm.fac="", "BAD NUM", IF(_xlpm.tgt="", "NO VAL", IF(_xlpm.ok,"OK","NG: "&TEXT(_xlpm.diff,"#,##0")) ) ) ) ) ) -> OK | AL35: 3309680 | AO35: 960000 | AP35: 1170970 | AQ35: 987100 | AR35: 3364390 | AS35: 3566129 | AT35: 3300000 | AU35: 2341940 | AV35: #N/A | AW35: #N/A
A36: =ROW()-5 -> 31 | B36: 안유빈 | C36: =INDEX('정직원 (2)'!$B$4:$B$77,MATCH(임금대장!B36,'정직원 (2)'!$C$4:$C$77,0)) -> 핫/즉석 | D36: =VLOOKUP(B36,'정직원 (2)'!$C$4:$F$77,4,0) -> 001104-3466619 | E36: =VLOOKUP(B36,'정직원 (2)'!$C$4:$J$81,8,0) -> 45992 | F36: =VLOOKUP(B36,'정직원 (2)'!$C$4:$L$81,10,0) -> 0 | G36: =VLOOKUP(B36,'정직원 (2)'!$C$4:$F$81,3,0) -> 3300000 | H36: =ROUNDDOWN(G36/291,0) -> 11340 | I36: =ROUNDDOWN(($G36/291*209),0) -> 2370103 | J36: =ROUNDDOWN(($G36/291*65.2),0) -> 739381 | K36: =ROUNDUP(($G36/291*8.8),0) -> 99794 | L36: =VLOOKUP(B36,'정직원 (2)'!$C$4:$O$95,13,0) -> 0 | M36: =ROUNDUP(($G36/291*8),0) -> 90722 | N36: =IF(OR(AI36="",AI36=0),0, IF(ISNUMBER(SEARCH("추가",AI36)), G36/$O$3*VALUE(SUBSTITUTE(SUBSTITUTE(TRIM(AI36)," ",""),"추가","")), 0)) -> 53225.806 | O36: =$O$3-P36 -> 31 | P36: =IF(ISNUMBER(SEARCH("차감",AI36)), VALUE(SUBSTITUTE(SUBSTITUTE(SUBSTITUTE(TRIM(AI36)," ",""),"차감",""),"일","")), IF(AND(YEAR(F36)=$M$3,MONTH(F36)=$N$3),$O$3-DAY(F36), IF(AND(YEAR(E36)=$M$3,MONTH(E36)=$N$3),DAY(E36)-1,0))) -> 0 | Q36: =ROUNDDOWN(G36/$O$3*P36,-1) -> 0 | S36: =ROUNDDOWN(H36*R36,-1) -> 0 | T36: =G36-Q36-S36+N36+L36 -> 3353225.8 | U36: 1800000 | V36: 1 | W36: =A36 -> 31 | X36: =B36 -> 안유빈 | Y36: =IF(T36<800000,0,(VLOOKUP(T36,'세액표(1202)'!A:L,V36+1))) -> 105210 | Z36: =ROUNDDOWN(Y36*10%,-1) -> 10520 | AA36: 85500 | AB36: =ROUNDDOWN(T36*3.595%,-1) -> 120540 | AC36: =ROUNDDOWN(AB36*13.14%,-1) -> 15830 | AD36: =ROUNDDOWN(T36*0.9%,-1) -> 30170 | AE36: =L36 -> 0 | AG36: =SUM(Y36:AF36) -> 367770 | AH36: =T36-AG36 -> 2985455.8 | AI36: =VLOOKUP(D36,'정직원 (2)'!$F$4:$M$81,8,0) -> 0.5추가 | AJ36: =DATEDIF(DATE(IF(VALUE(LEFT(D36,2))>22,1900,2000)+VALUE(LEFT(D36,2)),VALUE(MID(D36,3,2)),VALUE(MID(D36,5,2))),TODAY(),"Y") -> 25 | AK36: =_xlfn.LET( _xlpm.tag0, AI36, _xlpm.tag, TRIM(SUBSTITUTE(SUBSTITUTE(_xlpm.tag0," ",""),CHAR(160),"")), _xlpm.hasAdd, ISNUMBER(SEARCH("추가",_xlpm.tag)), _xlpm.hasSub, ISNUMBER(SEARCH("차감",_xlpm.tag)), _xlpm.rawText, SUBSTITUTE(SUBSTITUTE(_xlpm.tag,"추가",""),"차감",""), _xlpm.fac, IFERROR(VALUE(_xlpm.rawText),""), _xlpm.base, G36, _xlpm.denom, $O$3, _xlpm.expected, IF(_xlpm.hasAdd, _xlpm.base/_xlpm.denom*_xlpm.fac, IF(_xlpm.hasSub, ROUNDDOWN(_xlpm.base/_xlpm.denom*_xlpm.fac,-1),"")), _xlpm.tgt0, IF(_xlpm.hasSub, Q36, IF(_xlpm.hasAdd, N36, "")), _xlpm.tgt, IF(_xlpm.tgt0="","",IFERROR(1*SUBSTITUTE(_xlpm.tgt0,",",""),"")), _xlpm.diff, IF(AND(_xlpm.expected<>"",_xlpm.tgt<>""), _xlpm.tgt-_xlpm.expected,""), _xlpm.ok, IF(_xlpm.diff<>"", ABS(_xlpm.diff)<=1, FALSE), IF(_xlpm.tag="", "NO TAG", IF(NOT(OR(_xlpm.hasAdd,_xlpm.hasSub)), "INVALID TAG", IF(_xlpm.fac="", "BAD NUM", IF(_xlpm.tgt="", "NO VAL", IF(_xlpm.ok,"OK","NG: "&TEXT(_xlpm.diff,"#,##0")) ) ) ) ) ) -> OK | AL36: 3353225.8 | AO36: 960000 | AP36: 1170970 | AQ36: 987100 | AR36: 3364390 | AS36: 3566129 | AT36: 3300000 | AU36: 2341940 | AV36: #N/A | AW36: #N/A
A37: =ROW()-5 -> 32 | B37: 정유진 | C37: =INDEX('정직원 (2)'!$B$4:$B$77,MATCH(임금대장!B37,'정직원 (2)'!$C$4:$C$77,0)) -> 초다이 | D37: =VLOOKUP(B37,'정직원 (2)'!$C$4:$F$77,4,0) -> 000810-4155313 | E37: =VLOOKUP(B37,'정직원 (2)'!$C$4:$J$81,8,0) -> 46000 | F37: =VLOOKUP(B37,'정직원 (2)'!$C$4:$L$81,10,0) -> 0 | G37: =VLOOKUP(B37,'정직원 (2)'!$C$4:$F$81,3,0) -> 3200000 | H37: =ROUNDDOWN(G37/291,0) -> 10996 | I37: =ROUNDUP(($G37/291*209),0) -> 2298282 | J37: =ROUNDDOWN(($G37/291*65.2),0) -> 716975 | K37: =ROUNDUP(($G37/291*8.8),0) -> 96770 | L37: =VLOOKUP(B37,'정직원 (2)'!$C$4:$O$95,13,0) -> 0 | M37: =ROUNDUP(($G37/291*8),0) -> 87973 | N37: =IF(OR(AI37="",AI37=0),0, IF(ISNUMBER(SEARCH("추가",AI37)), G37/$O$3*VALUE(SUBSTITUTE(SUBSTITUTE(TRIM(AI37)," ",""),"추가","")), 0)) -> 154838.71 | O37: =$O$3-P37 -> 31 | P37: =IF(ISNUMBER(SEARCH("차감",AI37)), VALUE(SUBSTITUTE(SUBSTITUTE(SUBSTITUTE(TRIM(AI37)," ",""),"차감",""),"일","")), IF(AND(YEAR(F37)=$M$3,MONTH(F37)=$N$3),$O$3-DAY(F37), IF(AND(YEAR(E37)=$M$3,MONTH(E37)=$N$3),DAY(E37)-1,0))) -> 0 | Q37: =ROUNDDOWN(G37/$O$3*P37,-1) -> 0 | S37: =ROUNDDOWN(H37*R37,-1) -> 0 | T37: =G37-Q37-S37+N37+L37 -> 3354838.7 | U37: 1800000 | V37: 1 | W37: =A37 -> 32 | X37: =B37 -> 정유진 | Y37: =IF(T37<800000,0,(VLOOKUP(T37,'세액표(1202)'!A:L,V37+1))) -> 105210 | Z37: =ROUNDDOWN(Y37*10%,-1) -> 10520 | AA37: 85500 | AB37: =ROUNDDOWN(T37*3.595%,-1) -> 120600 | AC37: =ROUNDDOWN(AB37*13.14%,-1) -> 15840 | AD37: =ROUNDDOWN(T37*0.9%,-1) -> 30190 | AE37: =L37 -> 0 | AG37: =SUM(Y37:AF37) -> 367860 | AH37: =T37-AG37 -> 2986978.7 | AI37: =VLOOKUP(D37,'정직원 (2)'!$F$4:$M$81,8,0) -> 1.5추가 | AJ37: =DATEDIF(DATE(IF(VALUE(LEFT(D37,2))>22,1900,2000)+VALUE(LEFT(D37,2)),VALUE(MID(D37,3,2)),VALUE(MID(D37,5,2))),TODAY(),"Y") -> 25 | AK37: =_xlfn.LET( _xlpm.tag0, AI37, _xlpm.tag, TRIM(SUBSTITUTE(SUBSTITUTE(_xlpm.tag0," ",""),CHAR(160),"")), _xlpm.hasAdd, ISNUMBER(SEARCH("추가",_xlpm.tag)), _xlpm.hasSub, ISNUMBER(SEARCH("차감",_xlpm.tag)), _xlpm.rawText, SUBSTITUTE(SUBSTITUTE(_xlpm.tag,"추가",""),"차감",""), _xlpm.fac, IFERROR(VALUE(_xlpm.rawText),""), _xlpm.base, G37, _xlpm.denom, $O$3, _xlpm.expected, IF(_xlpm.hasAdd, _xlpm.base/_xlpm.denom*_xlpm.fac, IF(_xlpm.hasSub, ROUNDDOWN(_xlpm.base/_xlpm.denom*_xlpm.fac,-1),"")), _xlpm.tgt0, IF(_xlpm.hasSub, Q37, IF(_xlpm.hasAdd, N37, "")), _xlpm.tgt, IF(_xlpm.tgt0="","",IFERROR(1*SUBSTITUTE(_xlpm.tgt0,",",""),"")), _xlpm.diff, IF(AND(_xlpm.expected<>"",_xlpm.tgt<>""), _xlpm.tgt-_xlpm.expected,""), _xlpm.ok, IF(_xlpm.diff<>"", ABS(_xlpm.diff)<=1, FALSE), IF(_xlpm.tag="", "NO TAG", IF(NOT(OR(_xlpm.hasAdd,_xlpm.hasSub)), "INVALID TAG", IF(_xlpm.fac="", "BAD NUM", IF(_xlpm.tgt="", "NO VAL", IF(_xlpm.ok,"OK","NG: "&TEXT(_xlpm.diff,"#,##0")) ) ) ) ) ) -> OK | AL37: 2425812.9 | AO37: 2453340 | AP37: 1383880 | AQ37: 958070 | AR37: 3364390 | AS37: 3566129 | AT37: 3300000 | AU37: 2341940 | AV37: #N/A | AW37: #N/A
A38: =ROW()-5 -> 33 | B38: 이경숙 | C38: =INDEX('정직원 (2)'!$B$4:$B$77,MATCH(임금대장!B38,'정직원 (2)'!$C$4:$C$77,0)) -> 세척 | D38: =VLOOKUP(B38,'정직원 (2)'!$C$4:$F$77,4,0) -> 650225-2154914 | E38: =VLOOKUP(B38,'정직원 (2)'!$C$4:$J$81,8,0) -> 46001 | F38: =VLOOKUP(B38,'정직원 (2)'!$C$4:$L$81,10,0) -> 0 | G38: =VLOOKUP(B38,'정직원 (2)'!$C$4:$F$81,3,0) -> 3300000 | H38: =ROUNDDOWN(G38/291,0) -> 11340 | I38: =ROUNDDOWN(($G38/291*209),0) -> 2370103 | J38: =ROUNDDOWN(($G38/291*65.2),0) -> 739381 | K38: =ROUNDUP(($G38/291*8.8),0) -> 99794 | L38: =VLOOKUP(B38,'정직원 (2)'!$C$4:$O$95,13,0) -> 0 | M38: =ROUNDUP(($G38/291*8),0) -> 90722 | N38: =IF(OR(AI38="",AI38=0),0, IF(ISNUMBER(SEARCH("추가",AI38)), G38/$O$3*VALUE(SUBSTITUTE(SUBSTITUTE(TRIM(AI38)," ",""),"추가","")), 0)) -> 53225.806 | O38: =$O$3-P38 -> 31 | P38: =IF(ISNUMBER(SEARCH("차감",AI38)), VALUE(SUBSTITUTE(SUBSTITUTE(SUBSTITUTE(TRIM(AI38)," ",""),"차감",""),"일","")), IF(AND(YEAR(F38)=$M$3,MONTH(F38)=$N$3),$O$3-DAY(F38), IF(AND(YEAR(E38)=$M$3,MONTH(E38)=$N$3),DAY(E38)-1,0))) -> 0 | Q38: =ROUNDDOWN(G38/$O$3*P38,-1) -> 0 | S38: =ROUNDDOWN(H38*R38,-1) -> 0 | T38: =G38-Q38-S38+N38+L38 -> 3353225.8 | U38: 1800000 | V38: 1 | W38: =A38 -> 33 | X38: =B38 -> 이경숙 | AB38: =ROUNDDOWN(T38*3.595%,-1) -> 120540 | AC38: =ROUNDDOWN(AB38*13.14%,-1) -> 15830 | AD38: =ROUNDDOWN(T38*0.9%,-1) -> 30170 | AE38: =L38 -> 0 | AG38: =SUM(Y38:AF38) -> 166540 | AH38: =T38-AG38 -> 3186685.8 | AI38: =VLOOKUP(D38,'정직원 (2)'!$F$4:$M$81,8,0) -> 0.5추가 | AJ38: =DATEDIF(DATE(IF(VALUE(LEFT(D38,2))>22,1900,2000)+VALUE(LEFT(D38,2)),VALUE(MID(D38,3,2)),VALUE(MID(D38,5,2))),TODAY(),"Y") -> 60 | AK38: =_xlfn.LET( _xlpm.tag0, AI38, _xlpm.tag, TRIM(SUBSTITUTE(SUBSTITUTE(_xlpm.tag0," ",""),CHAR(160),"")), _xlpm.hasAdd, ISNUMBER(SEARCH("추가",_xlpm.tag)), _xlpm.hasSub, ISNUMBER(SEARCH("차감",_xlpm.tag)), _xlpm.rawText, SUBSTITUTE(SUBSTITUTE(_xlpm.tag,"추가",""),"차감",""), _xlpm.fac, IFERROR(VALUE(_xlpm.rawText),""), _xlpm.base, G38, _xlpm.denom, $O$3, _xlpm.expected, IF(_xlpm.hasAdd, _xlpm.base/_xlpm.denom*_xlpm.fac, IF(_xlpm.hasSub, ROUNDDOWN(_xlpm.base/_xlpm.denom*_xlpm.fac,-1),"")), _xlpm.tgt0, IF(_xlpm.hasSub, Q38, IF(_xlpm.hasAdd, N38, "")), _xlpm.tgt, IF(_xlpm.tgt0="","",IFERROR(1*SUBSTITUTE(_xlpm.tgt0,",",""),"")), _xlpm.diff, IF(AND(_xlpm.expected<>"",_xlpm.tgt<>""), _xlpm.tgt-_xlpm.expected,""), _xlpm.ok, IF(_xlpm.diff<>"", ABS(_xlpm.diff)<=1, FALSE), IF(_xlpm.tag="", "NO TAG", IF(NOT(OR(_xlpm.hasAdd,_xlpm.hasSub)), "INVALID TAG", IF(_xlpm.fac="", "BAD NUM", IF(_xlpm.tgt="", "NO VAL", IF(_xlpm.ok,"OK","NG: "&TEXT(_xlpm.diff,"#,##0")) ) ) ) ) ) -> OK | AL38: 2395165.8 | AO38: 960000 | AP38: 1170970 | AQ38: 987100 | AR38: 3364390 | AS38: 3566129 | AT38: 3300000 | AU38: 2341940 | AV38: #N/A | AW38: #N/A
A39: =ROW()-5 -> 34 | B39: 이경수 | C39: =INDEX('정직원 (2)'!$B$4:$B$77,MATCH(임금대장!B39,'정직원 (2)'!$C$4:$C$77,0)) -> 홀 | D39: =VLOOKUP(B39,'정직원 (2)'!$C$4:$F$77,4,0) -> 920315-1352615 | E39: =VLOOKUP(B39,'정직원 (2)'!$C$4:$J$81,8,0) -> 46013 | F39: =VLOOKUP(B39,'정직원 (2)'!$C$4:$L$81,10,0) -> 0 | G39: =VLOOKUP(B39,'정직원 (2)'!$C$4:$F$81,3,0) -> 3000000 | H39: =ROUNDDOWN(G39/291,0) -> 10309 | I39: =ROUNDDOWN(($G39/291*209),0) -> 2154639 | J39: =ROUNDDOWN(($G39/291*65.2),0) -> 672164 | K39: =ROUNDUP(($G39/291*8.8),0) -> 90722 | L39: =VLOOKUP(B39,'정직원 (2)'!$C$4:$O$95,13,0) -> 0 | M39: =ROUNDUP(($G39/291*8),0) -> 82475 | N39: =IF(OR(AI39="",AI39=0),0, IF(ISNUMBER(SEARCH("추가",AI39)), G39/$O$3*VALUE(SUBSTITUTE(SUBSTITUTE(TRIM(AI39)," ",""),"추가","")), 0)) -> 0 | O39: =$O$3-P39 -> 31 | P39: =IF(ISNUMBER(SEARCH("차감",AI39)), VALUE(SUBSTITUTE(SUBSTITUTE(SUBSTITUTE(TRIM(AI39)," ",""),"차감",""),"일","")), IF(AND(YEAR(F39)=$M$3,MONTH(F39)=$N$3),$O$3-DAY(F39), IF(AND(YEAR(E39)=$M$3,MONTH(E39)=$N$3),DAY(E39)-1,0))) -> 0 | Q39: =ROUNDDOWN(G39/$O$3*P39,-1) -> 0 | S39: =ROUNDDOWN(H39*R39,-1) -> 0 | T39: =G39-Q39-S39+N39+L39 -> 3000000 | U39: 1800000 | V39: 1 | W39: =A39 -> 34 | X39: =B39 -> 이경수 | Y39: =IF(T39<800000,0,(VLOOKUP(T39,'세액표(1202)'!A:L,V39+1))) -> 73060 | Z39: =ROUNDDOWN(Y39*10%,-1) -> 7300 | AA39: 85500 | AB39: =ROUNDDOWN(T39*3.595%,-1) -> 107850 | AC39: =ROUNDDOWN(AB39*13.14%,-1) -> 14170 | AD39: =ROUNDDOWN(T39*0.9%,-1) -> 27000 | AE39: =L39 -> 0 | AG39: =SUM(Y39:AF39) -> 314880 | AH39: =T39-AG39 -> 2685120 | AI39: =VLOOKUP(D39,'정직원 (2)'!$F$4:$M$81,8,0) -> 0 | AJ39: =DATEDIF(DATE(IF(VALUE(LEFT(D39,2))>22,1900,2000)+VALUE(LEFT(D39,2)),VALUE(MID(D39,3,2)),VALUE(MID(D39,5,2))),TODAY(),"Y") -> 33 | AK39: =_xlfn.LET( _xlpm.tag0, AI39, _xlpm.tag, TRIM(SUBSTITUTE(SUBSTITUTE(_xlpm.tag0," ",""),CHAR(160),"")), _xlpm.hasAdd, ISNUMBER(SEARCH("추가",_xlpm.tag)), _xlpm.hasSub, ISNUMBER(SEARCH("차감",_xlpm.tag)), _xlpm.rawText, SUBSTITUTE(SUBSTITUTE(_xlpm.tag,"추가",""),"차감",""), _xlpm.fac, IFERROR(VALUE(_xlpm.rawText),""), _xlpm.base, G39, _xlpm.denom, $O$3, _xlpm.expected, IF(_xlpm.hasAdd, _xlpm.base/_xlpm.denom*_xlpm.fac, IF(_xlpm.hasSub, ROUNDDOWN(_xlpm.base/_xlpm.denom*_xlpm.fac,-1),"")), _xlpm.tgt0, IF(_xlpm.hasSub, Q39, IF(_xlpm.hasAdd, N39, "")), _xlpm.tgt, IF(_xlpm.tgt0="","",IFERROR(1*SUBSTITUTE(_xlpm.tgt0,",",""),"")), _xlpm.diff, IF(AND(_xlpm.expected<>"",_xlpm.tgt<>""), _xlpm.tgt-_xlpm.expected,""), _xlpm.ok, IF(_xlpm.diff<>"", ABS(_xlpm.diff)<=1, FALSE), IF(_xlpm.tag="", "NO TAG", IF(NOT(OR(_xlpm.hasAdd,_xlpm.hasSub)), "INVALID TAG", IF(_xlpm.fac="", "BAD NUM", IF(_xlpm.tgt="", "NO VAL", IF(_xlpm.ok,"OK","NG: "&TEXT(_xlpm.diff,"#,##0")) ) ) ) ) ) -> INVALID TAG | AL39: 967750 | AO39: 960000 | AP39: 1170970 | AQ39: 987100 | AR39: 3364390 | AS39: 3566129 | AT39: 3300000 | AU39: 2341940 | AV39: #N/A | AW39: #N/A
A40: =ROW()-5 -> 35 | B40: 김제우 | C40: =INDEX('정직원 (2)'!$B$4:$B$77,MATCH(임금대장!B40,'정직원 (2)'!$C$4:$C$77,0)) -> 초다이 | D40: =VLOOKUP(B40,'정직원 (2)'!$C$4:$F$77,4,0) -> 830513-1624015 | E40: =VLOOKUP(B40,'정직원 (2)'!$C$4:$J$81,8,0) -> 46013 | F40: =VLOOKUP(B40,'정직원 (2)'!$C$4:$L$81,10,0) -> 0 | G40: =VLOOKUP(B40,'정직원 (2)'!$C$4:$F$81,3,0) -> 3800000 | H40: =ROUNDDOWN(G40/291,0) -> 13058 | I40: =ROUNDDOWN(($G40/291*209),0) -> 2729209 | J40: =ROUNDDOWN(($G40/291*65.2),0) -> 851408 | K40: =ROUNDUP(($G40/291*8.8),0) -> 114915 | L40: =VLOOKUP(B40,'정직원 (2)'!$C$4:$O$95,13,0) -> 0 | M40: =ROUNDUP(($G40/291*8),0) -> 104468 | N40: =IF(OR(AI40="",AI40=0),0, IF(ISNUMBER(SEARCH("추가",AI40)), G40/$O$3*VALUE(SUBSTITUTE(SUBSTITUTE(TRIM(AI40)," ",""),"추가","")), 0)) -> 183870.97 | O40: =$O$3-P40 -> 31 | P40: =IF(ISNUMBER(SEARCH("차감",AI40)), VALUE(SUBSTITUTE(SUBSTITUTE(SUBSTITUTE(TRIM(AI40)," ",""),"차감",""),"일","")), IF(AND(YEAR(F40)=$M$3,MONTH(F40)=$N$3),$O$3-DAY(F40), IF(AND(YEAR(E40)=$M$3,MONTH(E40)=$N$3),DAY(E40)-1,0))) -> 0 | Q40: =ROUNDDOWN(G40/$O$3*P40,-1) -> 0 | S40: =ROUNDDOWN(H40*R40,-1) -> 0 | T40: =G40-Q40-S40+N40+L40 -> 3983871 | U40: 1800000 | V40: 1 | W40: =A40 -> 35 | X40: =B40 -> 김제우 | Y40: =IF(T40<800000,0,(VLOOKUP(T40,'세액표(1202)'!A:L,V40+1))) -> 190620 | Z40: =ROUNDDOWN(Y40*10%,-1) -> 19060 | AA40: 85500 | AB40: =ROUNDDOWN(T40*3.595%,-1) -> 143220 | AC40: =ROUNDDOWN(AB40*13.14%,-1) -> 18810 | AD40: =ROUNDDOWN(T40*0.9%,-1) -> 35850 | AE40: =L40 -> 0 | AG40: =SUM(Y40:AF40) -> 493060 | AH40: =T40-AG40 -> 3490811 | AI40: =VLOOKUP(D40,'정직원 (2)'!$F$4:$M$81,8,0) -> 1.5추가 | AJ40: =DATEDIF(DATE(IF(VALUE(LEFT(D40,2))>22,1900,2000)+VALUE(LEFT(D40,2)),VALUE(MID(D40,3,2)),VALUE(MID(D40,5,2))),TODAY(),"Y") -> 42 | AK40: =_xlfn.LET( _xlpm.tag0, AI40, _xlpm.tag, TRIM(SUBSTITUTE(SUBSTITUTE(_xlpm.tag0," ",""),CHAR(160),"")), _xlpm.hasAdd, ISNUMBER(SEARCH("추가",_xlpm.tag)), _xlpm.hasSub, ISNUMBER(SEARCH("차감",_xlpm.tag)), _xlpm.rawText, SUBSTITUTE(SUBSTITUTE(_xlpm.tag,"추가",""),"차감",""), _xlpm.fac, IFERROR(VALUE(_xlpm.rawText),""), _xlpm.base, G40, _xlpm.denom, $O$3, _xlpm.expected, IF(_xlpm.hasAdd, _xlpm.base/_xlpm.denom*_xlpm.fac, IF(_xlpm.hasSub, ROUNDDOWN(_xlpm.base/_xlpm.denom*_xlpm.fac,-1),"")), _xlpm.tgt0, IF(_xlpm.hasSub, Q40, IF(_xlpm.hasAdd, N40, "")), _xlpm.tgt, IF(_xlpm.tgt0="","",IFERROR(1*SUBSTITUTE(_xlpm.tgt0,",",""),"")), _xlpm.diff, IF(AND(_xlpm.expected<>"",_xlpm.tgt<>""), _xlpm.tgt-_xlpm.expected,""), _xlpm.ok, IF(_xlpm.diff<>"", ABS(_xlpm.diff)<=1, FALSE), IF(_xlpm.tag="", "NO TAG", IF(NOT(OR(_xlpm.hasAdd,_xlpm.hasSub)), "INVALID TAG", IF(_xlpm.fac="", "BAD NUM", IF(_xlpm.tgt="", "NO VAL", IF(_xlpm.ok,"OK","NG: "&TEXT(_xlpm.diff,"#,##0")) ) ) ) ) ) -> OK | AL40: 1287100.3 | AO40: 960000 | AP40: 1170970 | AQ40: 987100 | AR40: 3364390 | AS40: 3566129 | AT40: 3300000 | AU40: 2341940 | AV40: #N/A | AW40: #N/A
A41: =ROW()-5 -> 36 | B41: 김광신 | C41: =INDEX('정직원 (2)'!$B$4:$B$77,MATCH(임금대장!B41,'정직원 (2)'!$C$4:$C$77,0)) -> 초다이 | D41: =VLOOKUP(B41,'정직원 (2)'!$C$4:$F$77,4,0) -> 730213-1350715 | E41: =VLOOKUP(B41,'정직원 (2)'!$C$4:$J$81,8,0) -> 46015 | F41: =VLOOKUP(B41,'정직원 (2)'!$C$4:$L$81,10,0) -> 0 | G41: =VLOOKUP(B41,'정직원 (2)'!$C$4:$F$81,3,0) -> 3500000 | H41: =ROUNDDOWN(G41/291,0) -> 12027 | I41: =ROUNDUP(($G41/291*209),0) -> 2513746 | J41: =ROUNDDOWN(($G41/291*65.2),0) -> 784192 | K41: =ROUNDUP(($G41/291*8.8),0) -> 105842 | L41: =VLOOKUP(B41,'정직원 (2)'!$C$4:$O$95,13,0) -> 0 | M41: =ROUNDUP(($G41/291*8),0) -> 96220 | N41: =IF(OR(AI41="",AI41=0),0, IF(ISNUMBER(SEARCH("추가",AI41)), G41/$O$3*VALUE(SUBSTITUTE(SUBSTITUTE(TRIM(AI41)," ",""),"추가","")), 0)) -> 56451.613 | O41: =$O$3-P41 -> 31 | P41: =IF(ISNUMBER(SEARCH("차감",AI41)), VALUE(SUBSTITUTE(SUBSTITUTE(SUBSTITUTE(TRIM(AI41)," ",""),"차감",""),"일","")), IF(AND(YEAR(F41)=$M$3,MONTH(F41)=$N$3),$O$3-DAY(F41), IF(AND(YEAR(E41)=$M$3,MONTH(E41)=$N$3),DAY(E41)-1,0))) -> 0 | Q41: =ROUNDDOWN(G41/$O$3*P41,-1) -> 0 | S41: =ROUNDDOWN(H41*R41,-1) -> 0 | T41: =G41-Q41-S41+N41+L41 -> 3556451.6 | U41: 1800000 | V41: 1 | W41: =A41 -> 36 | X41: =B41 -> 김광신 | Y41: =IF(T41<800000,0,(VLOOKUP(T41,'세액표(1202)'!A:L,V41+1))) -> 129660 | Z41: =ROUNDDOWN(Y41*10%,-1) -> 12960 | AA41: 85500 | AB41: =ROUNDDOWN(T41*3.595%,-1) -> 127850 | AC41: =ROUNDDOWN(AB41*13.14%,-1) -> 16790 | AD41: =ROUNDDOWN(T41*0.9%,-1) -> 32000 | AE41: =L41 -> 0 | AG41: =SUM(Y41:AF41) -> 404760 | AH41: =T41-AG41 -> 3151691.6 | AI41: =VLOOKUP(D41,'정직원 (2)'!$F$4:$M$81,8,0) -> 0.5추가 | AJ41: =DATEDIF(DATE(IF(VALUE(LEFT(D41,2))>22,1900,2000)+VALUE(LEFT(D41,2)),VALUE(MID(D41,3,2)),VALUE(MID(D41,5,2))),TODAY(),"Y") -> 52 | AK41: =_xlfn.LET( _xlpm.tag0, AI41, _xlpm.tag, TRIM(SUBSTITUTE(SUBSTITUTE(_xlpm.tag0," ",""),CHAR(160),"")), _xlpm.hasAdd, ISNUMBER(SEARCH("추가",_xlpm.tag)), _xlpm.hasSub, ISNUMBER(SEARCH("차감",_xlpm.tag)), _xlpm.rawText, SUBSTITUTE(SUBSTITUTE(_xlpm.tag,"추가",""),"차감",""), _xlpm.fac, IFERROR(VALUE(_xlpm.rawText),""), _xlpm.base, G41, _xlpm.denom, $O$3, _xlpm.expected, IF(_xlpm.hasAdd, _xlpm.base/_xlpm.denom*_xlpm.fac, IF(_xlpm.hasSub, ROUNDDOWN(_xlpm.base/_xlpm.denom*_xlpm.fac,-1),"")), _xlpm.tgt0, IF(_xlpm.hasSub, Q41, IF(_xlpm.hasAdd, N41, "")), _xlpm.tgt, IF(_xlpm.tgt0="","",IFERROR(1*SUBSTITUTE(_xlpm.tgt0,",",""),"")), _xlpm.diff, IF(AND(_xlpm.expected<>"",_xlpm.tgt<>""), _xlpm.tgt-_xlpm.expected,""), _xlpm.ok, IF(_xlpm.diff<>"", ABS(_xlpm.diff)<=1, FALSE), IF(_xlpm.tag="", "NO TAG", IF(NOT(OR(_xlpm.hasAdd,_xlpm.hasSub)), "INVALID TAG", IF(_xlpm.fac="", "BAD NUM", IF(_xlpm.tgt="", "NO VAL", IF(_xlpm.ok,"OK","NG: "&TEXT(_xlpm.diff,"#,##0")) ) ) ) ) ) -> OK | AL41: 959681.61 | AO41: 960000 | AP41: 1170970 | AQ41: 987100 | AR41: 3364390 | AS41: 3566129 | AT41: 3300000 | AU41: 2341940 | AV41: #N/A | AW41: #N/A
A42: =ROW()-5 -> 37 | B42: 이다연 | C42: =INDEX('정직원 (2)'!$B$4:$B$77,MATCH(임금대장!B42,'정직원 (2)'!$C$4:$C$77,0)) -> 0 | D42: =VLOOKUP(B42,'정직원 (2)'!$C$4:$F$77,4,0) -> 950526-2401425 | E42: =VLOOKUP(B42,'정직원 (2)'!$C$4:$J$81,8,0) -> 46023 | F42: =VLOOKUP(B42,'정직원 (2)'!$C$4:$L$81,10,0) -> 0 | G42: =VLOOKUP(B42,'정직원 (2)'!$C$4:$F$81,3,0) -> 3000000 | H42: =ROUNDDOWN(G42/291,0) -> 10309 | I42: =ROUNDUP(($G42/291*209),0) -> 2154640 | J42: =ROUNDDOWN(($G42/291*65.2),0) -> 672164 | K42: =ROUNDUP(($G42/291*8.8),0) -> 90722 | L42: =VLOOKUP(B42,'정직원 (2)'!$C$4:$O$95,13,0) -> 0 | M42: =ROUNDUP(($G42/291*8),0) -> 82475 | N42: =IF(OR(AI42="",AI42=0),0, IF(ISNUMBER(SEARCH("추가",AI42)), G42/$O$3*VALUE(SUBSTITUTE(SUBSTITUTE(TRIM(AI42)," ",""),"추가","")), 0)) -> 0 | O42: =$O$3-P42 -> 31 | P42: =IF(ISNUMBER(SEARCH("차감",AI42)), VALUE(SUBSTITUTE(SUBSTITUTE(SUBSTITUTE(TRIM(AI42)," ",""),"차감",""),"일","")), IF(AND(YEAR(F42)=$M$3,MONTH(F42)=$N$3),$O$3-DAY(F42), IF(AND(YEAR(E42)=$M$3,MONTH(E42)=$N$3),DAY(E42)-1,0))) -> 0 | Q42: =ROUNDDOWN(G42/$O$3*P42,-1) -> 0 | S42: =ROUNDDOWN(H42*R42,-1) -> 0 | T42: =G42-Q42-S42+N42+L42 -> 3000000 | U42: 1800000 | V42: 1 | W42: =A42 -> 37 | X42: =B42 -> 이다연 | Y42: =IF(T42<800000,0,(VLOOKUP(T42,'세액표(1202)'!A:L,V42+1))) -> 73060 | Z42: =ROUNDDOWN(Y42*10%,-1) -> 7300 | AA42: 85500 | AB42: =ROUNDDOWN(T42*3.595%,-1) -> 107850 | AC42: =ROUNDDOWN(AB42*13.14%,-1) -> 14170 | AD42: =ROUNDDOWN(T42*0.9%,-1) -> 27000 | AE42: =L42 -> 0 | AG42: =SUM(Y42:AF42) -> 314880 | AH42: =T42-AG42 -> 2685120 | AI42: =VLOOKUP(D42,'정직원 (2)'!$F$4:$M$81,8,0) -> 0 | AJ42: =DATEDIF(DATE(IF(VALUE(LEFT(D42,2))>22,1900,2000)+VALUE(LEFT(D42,2)),VALUE(MID(D42,3,2)),VALUE(MID(D42,5,2))),TODAY(),"Y") -> 30 | AK42: =_xlfn.LET( _xlpm.tag0, AI42, _xlpm.tag, TRIM(SUBSTITUTE(SUBSTITUTE(_xlpm.tag0," ",""),CHAR(160),"")), _xlpm.hasAdd, ISNUMBER(SEARCH("추가",_xlpm.tag)), _xlpm.hasSub, ISNUMBER(SEARCH("차감",_xlpm.tag)), _xlpm.rawText, SUBSTITUTE(SUBSTITUTE(_xlpm.tag,"추가",""),"차감",""), _xlpm.fac, IFERROR(VALUE(_xlpm.rawText),""), _xlpm.base, G42, _xlpm.denom, $O$3, _xlpm.expected, IF(_xlpm.hasAdd, _xlpm.base/_xlpm.denom*_xlpm.fac, IF(_xlpm.hasSub, ROUNDDOWN(_xlpm.base/_xlpm.denom*_xlpm.fac,-1),"")), _xlpm.tgt0, IF(_xlpm.hasSub, Q42, IF(_xlpm.hasAdd, N42, "")), _xlpm.tgt, IF(_xlpm.tgt0="","",IFERROR(1*SUBSTITUTE(_xlpm.tgt0,",",""),"")), _xlpm.diff, IF(AND(_xlpm.expected<>"",_xlpm.tgt<>""), _xlpm.tgt-_xlpm.expected,""), _xlpm.ok, IF(_xlpm.diff<>"", ABS(_xlpm.diff)<=1, FALSE), IF(_xlpm.tag="", "NO TAG", IF(NOT(OR(_xlpm.hasAdd,_xlpm.hasSub)), "INVALID TAG", IF(_xlpm.fac="", "BAD NUM", IF(_xlpm.tgt="", "NO VAL", IF(_xlpm.ok,"OK","NG: "&TEXT(_xlpm.diff,"#,##0")) ) ) ) ) ) -> INVALID TAG | AL42: 1083872.9 | AO42: 960000 | AP42: 1170970 | AQ42: 987100 | AR42: 3364390 | AS42: 3566129 | AT42: 3300000 | AU42: 2341940 | AV42: #N/A | AW42: #N/A
A43: =ROW()-5 -> 38 | B43: 강봉국 | C43: =INDEX('정직원 (2)'!$B$4:$B$77,MATCH(임금대장!B43,'정직원 (2)'!$C$4:$C$77,0)) -> 핫/즉석 | D43: =VLOOKUP(B43,'정직원 (2)'!$C$4:$F$77,4,0) -> 860414-1156218 | E43: =VLOOKUP(B43,'정직원 (2)'!$C$4:$J$81,8,0) -> 46028 | F43: =VLOOKUP(B43,'정직원 (2)'!$C$4:$L$81,10,0) -> 0 | G43: =VLOOKUP(B43,'정직원 (2)'!$C$4:$F$81,3,0) -> 3300000 | H43: =ROUNDDOWN(G43/291,0) -> 11340 | I43: =ROUNDDOWN(($G43/291*209),0) -> 2370103 | J43: =ROUNDDOWN(($G43/291*65.2),0) -> 739381 | K43: =ROUNDUP(($G43/291*8.8),0) -> 99794 | L43: =VLOOKUP(B43,'정직원 (2)'!$C$4:$O$95,13,0) -> 0 | M43: =ROUNDUP(($G43/291*8),0) -> 90722 | N43: =IF(OR(AI43="",AI43=0),0, IF(ISNUMBER(SEARCH("추가",AI43)), G43/$O$3*VALUE(SUBSTITUTE(SUBSTITUTE(TRIM(AI43)," ",""),"추가","")), 0)) -> 0 | O43: =$O$3-P43 -> 26 | P43: =IF(ISNUMBER(SEARCH("차감",AI43)), VALUE(SUBSTITUTE(SUBSTITUTE(SUBSTITUTE(TRIM(AI43)," ",""),"차감",""),"일","")), IF(AND(YEAR(F43)=$M$3,MONTH(F43)=$N$3),$O$3-DAY(F43), IF(AND(YEAR(E43)=$M$3,MONTH(E43)=$N$3),DAY(E43)-1,0))) -> 5 | Q43: =ROUNDDOWN(G43/$O$3*P43,-1) -> 532250 | S43: =ROUNDDOWN(H43*R43,-1) -> 0 | T43: =G43-Q43-S43+N43+L43 -> 2767750 | U43: 1800000 | V43: 1 | W43: =A43 -> 38 | X43: =B43 -> 강봉국 | Y43: =IF(T43<800000,0,(VLOOKUP(T43,'세액표(1202)'!A:L,V43+1))) -> 52530 | Z43: =ROUNDDOWN(Y43*10%,-1) -> 5250 | AD43: =ROUNDDOWN(T43*0.9%,-1) -> 24900 | AE43: =L43 -> 0 | AG43: =SUM(Y43:AF43) -> 82680 | AH43: =T43-AG43 -> 2685070 | AI43: =VLOOKUP(D43,'정직원 (2)'!$F$4:$M$81,8,0) -> 0 | AJ43: =DATEDIF(DATE(IF(VALUE(LEFT(D43,2))>22,1900,2000)+VALUE(LEFT(D43,2)),VALUE(MID(D43,3,2)),VALUE(MID(D43,5,2))),TODAY(),"Y") -> 39 | AK43: =_xlfn.LET( _xlpm.tag0, AI43, _xlpm.tag, TRIM(SUBSTITUTE(SUBSTITUTE(_xlpm.tag0," ",""),CHAR(160),"")), _xlpm.hasAdd, ISNUMBER(SEARCH("추가",_xlpm.tag)), _xlpm.hasSub, ISNUMBER(SEARCH("차감",_xlpm.tag)), _xlpm.rawText, SUBSTITUTE(SUBSTITUTE(_xlpm.tag,"추가",""),"차감",""), _xlpm.fac, IFERROR(VALUE(_xlpm.rawText),""), _xlpm.base, G43, _xlpm.denom, $O$3, _xlpm.expected, IF(_xlpm.hasAdd, _xlpm.base/_xlpm.denom*_xlpm.fac, IF(_xlpm.hasSub, ROUNDDOWN(_xlpm.base/_xlpm.denom*_xlpm.fac,-1),"")), _xlpm.tgt0, IF(_xlpm.hasSub, Q43, IF(_xlpm.hasAdd, N43, "")), _xlpm.tgt, IF(_xlpm.tgt0="","",IFERROR(1*SUBSTITUTE(_xlpm.tgt0,",",""),"")), _xlpm.diff, IF(AND(_xlpm.expected<>"",_xlpm.tgt<>""), _xlpm.tgt-_xlpm.expected,""), _xlpm.ok, IF(_xlpm.diff<>"", ABS(_xlpm.diff)<=1, FALSE), IF(_xlpm.tag="", "NO TAG", IF(NOT(OR(_xlpm.hasAdd,_xlpm.hasSub)), "INVALID TAG", IF(_xlpm.fac="", "BAD NUM", IF(_xlpm.tgt="", "NO VAL", IF(_xlpm.ok,"OK","NG: "&TEXT(_xlpm.diff,"#,##0")) ) ) ) ) ) -> INVALID TAG | AL43: 1287100.3 | AO43: 960000 | AP43: 1170970 | AQ43: 987100 | AR43: 3364390 | AS43: 3566129 | AT43: 3300000 | AU43: 2341940 | AV43: #N/A | AW43: #N/A
A44: =ROW()-5 -> 39 | B44: 남궁현 | C44: =INDEX('정직원 (2)'!$B$4:$B$77,MATCH(임금대장!B44,'정직원 (2)'!$C$4:$C$77,0)) -> 핫/즉석 | D44: =VLOOKUP(B44,'정직원 (2)'!$C$4:$F$77,4,0) -> 880916-1063617 | E44: =VLOOKUP(B44,'정직원 (2)'!$C$4:$J$81,8,0) -> 46035 | F44: =VLOOKUP(B44,'정직원 (2)'!$C$4:$L$81,10,0) -> 0 | G44: =VLOOKUP(B44,'정직원 (2)'!$C$4:$F$81,3,0) -> 3300000 | H44: =ROUNDDOWN(G44/291,0) -> 11340 | I44: =ROUNDUP(($G44/291*209),0) -> 2370104 | J44: =ROUNDDOWN(($G44/291*65.2),0) -> 739381 | K44: =ROUNDUP(($G44/291*8.8),0) -> 99794 | L44: =VLOOKUP(B44,'정직원 (2)'!$C$4:$O$95,13,0) -> 0 | M44: =ROUNDUP(($G44/291*8),0) -> 90722 | N44: =IF(OR(AI44="",AI44=0),0, IF(ISNUMBER(SEARCH("추가",AI44)), G44/$O$3*VALUE(SUBSTITUTE(SUBSTITUTE(TRIM(AI44)," ",""),"추가","")), 0)) -> 0 | O44: =$O$3-P44 -> 19 | P44: =IF(ISNUMBER(SEARCH("차감",AI44)), VALUE(SUBSTITUTE(SUBSTITUTE(SUBSTITUTE(TRIM(AI44)," ",""),"차감",""),"일","")), IF(AND(YEAR(F44)=$M$3,MONTH(F44)=$N$3),$O$3-DAY(F44), IF(AND(YEAR(E44)=$M$3,MONTH(E44)=$N$3),DAY(E44)-1,0))) -> 12 | Q44: =ROUNDDOWN(G44/$O$3*P44,-1) -> 1277410 | S44: =ROUNDDOWN(H44*R44,-1) -> 0 | T44: =G44-Q44-S44+N44+L44 -> 2022590 | U44: 1800000 | V44: 1 | W44: =A44 -> 39 | X44: =B44 -> 남궁현 | Y44: =IF(T44<800000,0,(VLOOKUP(T44,'세액표(1202)'!A:L,V44+1))) -> 19850 | Z44: =ROUNDDOWN(Y44*10%,-1) -> 1980 | AD44: =ROUNDDOWN(T44*0.9%,-1) -> 18200 | AE44: =L44 -> 0 | AG44: =SUM(Y44:AF44) -> 40030 | AH44: =T44-AG44 -> 1982560 | AI44: =VLOOKUP(D44,'정직원 (2)'!$F$4:$M$81,8,0) -> 0 | AJ44: =DATEDIF(DATE(IF(VALUE(LEFT(D44,2))>22,1900,2000)+VALUE(LEFT(D44,2)),VALUE(MID(D44,3,2)),VALUE(MID(D44,5,2))),TODAY(),"Y") -> 37 | AK44: =_xlfn.LET( _xlpm.tag0, AI44, _xlpm.tag, TRIM(SUBSTITUTE(SUBSTITUTE(_xlpm.tag0," ",""),CHAR(160),"")), _xlpm.hasAdd, ISNUMBER(SEARCH("추가",_xlpm.tag)), _xlpm.hasSub, ISNUMBER(SEARCH("차감",_xlpm.tag)), _xlpm.rawText, SUBSTITUTE(SUBSTITUTE(_xlpm.tag,"추가",""),"차감",""), _xlpm.fac, IFERROR(VALUE(_xlpm.rawText),""), _xlpm.base, G44, _xlpm.denom, $O$3, _xlpm.expected, IF(_xlpm.hasAdd, _xlpm.base/_xlpm.denom*_xlpm.fac, IF(_xlpm.hasSub, ROUNDDOWN(_xlpm.base/_xlpm.denom*_xlpm.fac,-1),"")), _xlpm.tgt0, IF(_xlpm.hasSub, Q44, IF(_xlpm.hasAdd, N44, "")), _xlpm.tgt, IF(_xlpm.tgt0="","",IFERROR(1*SUBSTITUTE(_xlpm.tgt0,",",""),"")), _xlpm.diff, IF(AND(_xlpm.expected<>"",_xlpm.tgt<>""), _xlpm.tgt-_xlpm.expected,""), _xlpm.ok, IF(_xlpm.diff<>"", ABS(_xlpm.diff)<=1, FALSE), IF(_xlpm.tag="", "NO TAG", IF(NOT(OR(_xlpm.hasAdd,_xlpm.hasSub)), "INVALID TAG", IF(_xlpm.fac="", "BAD NUM", IF(_xlpm.tgt="", "NO VAL", IF(_xlpm.ok,"OK","NG: "&TEXT(_xlpm.diff,"#,##0")) ) ) ) ) ) -> INVALID TAG | AL44: 959681.61 | AO44: 960000 | AP44: 1170970 | AQ44: 987100 | AR44: 3364390 | AS44: 3566129 | AT44: 3300000 | AU44: 2341940 | AV44: #N/A | AW44: #N/A
A45: =ROW()-5 -> 40 | B45: 홍이준 | C45: 파트 | D45: =VLOOKUP(B45,파트!$C$5:$I$95,7,0) -> 030827-3033011 | G45: =VLOOKUP(B45,파트!$C$5:$H$69,6,0) -> 1046500 | H45: 13000 | I45: =G45 -> 1046500 | N45: =IF(OR(AI45="",AI45=0),0, IF(ISNUMBER(SEARCH("추가",AI45)), G45/$O$3*VALUE(SUBSTITUTE(SUBSTITUTE(TRIM(AI45)," ",""),"추가","")), 0)) -> 0 | O45: =G45/H45 -> 80.5 | P45: =IF(ISNUMBER(SEARCH("차감",AI45)), VALUE(SUBSTITUTE(SUBSTITUTE(SUBSTITUTE(TRIM(AI45)," ",""),"차감",""),"일","")), IF(AND(YEAR(F45)=$M$3,MONTH(F45)=$N$3),$O$3-DAY(F45), IF(AND(YEAR(E45)=$M$3,MONTH(E45)=$N$3),DAY(E45)-1,0))) -> 0 | Q45: =ROUNDDOWN(G45/$O$3*P45,-1) -> 0 | T45: =G45-Q45-S45+N45+L45 -> 1046500 | W45: =A45 -> 40 | X45: =B45 -> 홍이준 | Y45: =ROUNDDOWN(T45*3%,-1) -> 31390 | Z45: =ROUNDDOWN(Y45*10%,-1) -> 3130 | AG45: =SUM(Y45:AF45) -> 34520 | AH45: =T45-AG45 -> 1011980 | AL45: 1443000 | AO45: 988000 | AQ45: 768000 | AR45: 1086000 | AS45: 990000 | AT45: 276000 | AU45: 258000 | AV45: 1698000 | AW45: 1992000
A46: =ROW()-5 -> 41 | B46: 박경찬 | C46: 파트 | D46: =VLOOKUP(B46,파트!$C$5:$I$95,7,0) -> 010321-3152616 | G46: =VLOOKUP(B46,파트!$C$5:$H$69,6,0) -> 1092000 | H46: 13000 | I46: =G46 -> 1092000 | N46: =IF(OR(AI46="",AI46=0),0, IF(ISNUMBER(SEARCH("추가",AI46)), G46/$O$3*VALUE(SUBSTITUTE(SUBSTITUTE(TRIM(AI46)," ",""),"추가","")), 0)) -> 0 | O46: =G46/H46 -> 84 | P46: =IF(ISNUMBER(SEARCH("차감",AI46)), VALUE(SUBSTITUTE(SUBSTITUTE(SUBSTITUTE(TRIM(AI46)," ",""),"차감",""),"일","")), IF(AND(YEAR(F46)=$M$3,MONTH(F46)=$N$3),$O$3-DAY(F46), IF(AND(YEAR(E46)=$M$3,MONTH(E46)=$N$3),DAY(E46)-1,0))) -> 0 | Q46: =ROUNDDOWN(G46/$O$3*P46,-1) -> 0 | T46: =G46-Q46-S46+N46+L46 -> 1092000 | W46: =A46 -> 41 | X46: =B46 -> 박경찬 | Y46: =ROUNDDOWN(T46*3%,-1) -> 32760 | Z46: =ROUNDDOWN(Y46*10%,-1) -> 3270 | AG46: =SUM(Y46:AF46) -> 36030 | AH46: =T46-AG46 -> 1055970 | AL46: 1443000 | AO46: 988000 | AQ46: 768000 | AR46: 1086000 | AS46: 990000 | AT46: 276000 | AU46: 258000 | AV46: 1698000 | AW46: 1992000
A47: =ROW()-5 -> 42 | B47: 최예림 | C47: 파트 | D47: =VLOOKUP(B47,파트!$C$5:$I$95,7,0) -> 030710-4183811 | G47: =VLOOKUP(B47,파트!$C$5:$H$69,6,0) -> 949000 | H47: 13000 | I47: =G47 -> 949000 | N47: =IF(OR(AI47="",AI47=0),0, IF(ISNUMBER(SEARCH("추가",AI47)), G47/$O$3*VALUE(SUBSTITUTE(SUBSTITUTE(TRIM(AI47)," ",""),"추가","")), 0)) -> 0 | O47: =G47/H47 -> 73 | P47: =IF(ISNUMBER(SEARCH("차감",AI47)), VALUE(SUBSTITUTE(SUBSTITUTE(SUBSTITUTE(TRIM(AI47)," ",""),"차감",""),"일","")), IF(AND(YEAR(F47)=$M$3,MONTH(F47)=$N$3),$O$3-DAY(F47), IF(AND(YEAR(E47)=$M$3,MONTH(E47)=$N$3),DAY(E47)-1,0))) -> 0 | Q47: =ROUNDDOWN(G47/$O$3*P47,-1) -> 0 | T47: =G47-Q47-S47+N47+L47 -> 949000 | W47: =A47 -> 42 | X47: =B47 -> 최예림 | Y47: =ROUNDDOWN(T47*3%,-1) -> 28470 | Z47: =ROUNDDOWN(Y47*10%,-1) -> 2840 | AG47: =SUM(Y47:AF47) -> 31310 | AH47: =T47-AG47 -> 917690 | AL47: 923000 | AO47: 1079000 | AQ47: 618000 | AR47: 360000 | AS47: 216000 | AT47: 1764000 | AU47: 1482000 | AV47: 1446000 | AW47: 1848000
A48: =ROW()-5 -> 43 | B48: 박대순 | C48: 파트 | D48: =VLOOKUP(B48,파트!$C$5:$I$95,7,0) -> 001228-3157718 | G48: =VLOOKUP(B48,파트!$C$5:$H$69,6,0) -> 2450500 | H48: 13000 | I48: =G48 -> 2450500 | N48: =IF(OR(AI48="",AI48=0),0, IF(ISNUMBER(SEARCH("추가",AI48)), G48/$O$3*VALUE(SUBSTITUTE(SUBSTITUTE(TRIM(AI48)," ",""),"추가","")), 0)) -> 0 | O48: =G48/H48 -> 188.5 | P48: =IF(ISNUMBER(SEARCH("차감",AI48)), VALUE(SUBSTITUTE(SUBSTITUTE(SUBSTITUTE(TRIM(AI48)," ",""),"차감",""),"일","")), IF(AND(YEAR(F48)=$M$3,MONTH(F48)=$N$3),$O$3-DAY(F48), IF(AND(YEAR(E48)=$M$3,MONTH(E48)=$N$3),DAY(E48)-1,0))) -> 0 | Q48: =ROUNDDOWN(G48/$O$3*P48,-1) -> 0 | T48: =G48-Q48-S48+N48+L48 -> 2450500 | W48: =A48 -> 43 | X48: =B48 -> 박대순 | Y48: =ROUNDDOWN(T48*3%,-1) -> 73510 | Z48: =ROUNDDOWN(Y48*10%,-1) -> 7350 | AG48: =SUM(Y48:AF48) -> 80860 | AH48: =T48-AG48 -> 2369640 | AL48: 156000 | AO48: 1339000 | AQ48: 1386000 | AR48: 1722000 | AS48: 1692000 | AT48: 1764000 | AU48: 1674000 | AV48: 1566000 | AW48: 1578000
A49: =ROW()-5 -> 44 | B49: 김민준 | C49: 파트 | D49: =VLOOKUP(B49,파트!$C$5:$I$95,7,0) -> 070810-3154613 | G49: =VLOOKUP(B49,파트!$C$5:$H$69,6,0) -> 1644500 | H49: 13000 | I49: =G49 -> 1644500 | N49: =IF(OR(AI49="",AI49=0),0, IF(ISNUMBER(SEARCH("추가",AI49)), G49/$O$3*VALUE(SUBSTITUTE(SUBSTITUTE(TRIM(AI49)," ",""),"추가","")), 0)) -> 0 | O49: =G49/H49 -> 126.5 | P49: =IF(ISNUMBER(SEARCH("차감",AI49)), VALUE(SUBSTITUTE(SUBSTITUTE(SUBSTITUTE(TRIM(AI49)," ",""),"차감",""),"일","")), IF(AND(YEAR(F49)=$M$3,MONTH(F49)=$N$3),$O$3-DAY(F49), IF(AND(YEAR(E49)=$M$3,MONTH(E49)=$N$3),DAY(E49)-1,0))) -> 0 | Q49: =ROUNDDOWN(G49/$O$3*P49,-1) -> 0 | T49: =G49-Q49-S49+N49+L49 -> 1644500 | W49: =A49 -> 44 | X49: =B49 -> 김민준 | Y49: =ROUNDDOWN(T49*3%,-1) -> 49330 | Z49: =ROUNDDOWN(Y49*10%,-1) -> 4930 | AG49: =SUM(Y49:AF49) -> 54260 | AH49: =T49-AG49 -> 1590240 | AL49: 2626000 | AO49: 1943500 | AQ49: 1044000 | AR49: 1674000 | AS49: 2100000 | AT49: 1836000 | AU49: 1638000 | AV49: 1608000 | AW49: 1716000
A50: =ROW()-5 -> 45 | B50: 방창배 | C50: 파트 | D50: =VLOOKUP(B50,파트!$C$5:$I$95,7,0) -> 030306-3156310 | G50: =VLOOKUP(B50,파트!$C$5:$H$69,6,0) -> 2418000 | H50: 13000 | I50: =G50 -> 2418000 | N50: =IF(OR(AI50="",AI50=0),0, IF(ISNUMBER(SEARCH("추가",AI50)), G50/$O$3*VALUE(SUBSTITUTE(SUBSTITUTE(TRIM(AI50)," ",""),"추가","")), 0)) -> 0 | O50: =G50/H50 -> 186 | P50: =IF(ISNUMBER(SEARCH("차감",AI50)), VALUE(SUBSTITUTE(SUBSTITUTE(SUBSTITUTE(TRIM(AI50)," ",""),"차감",""),"일","")), IF(AND(YEAR(F50)=$M$3,MONTH(F50)=$N$3),$O$3-DAY(F50), IF(AND(YEAR(E50)=$M$3,MONTH(E50)=$N$3),DAY(E50)-1,0))) -> 0 | Q50: =ROUNDDOWN(G50/$O$3*P50,-1) -> 0 | T50: =G50-Q50-S50+N50+L50 -> 2418000 | W50: =A50 -> 45 | X50: =B50 -> 방창배 | Y50: =ROUNDDOWN(T50*3%,-1) -> 72540 | Z50: =ROUNDDOWN(Y50*10%,-1) -> 7250 | AG50: =SUM(Y50:AF50) -> 79790 | AH50: =T50-AG50 -> 2338210 | AL50: 1579500 | AO50: 1625000 | AQ50: 1362000 | AR50: 1128000 | AS50: 1446000 | AT50: 1692000 | AU50: 1212000 | AV50: #N/A | AW50: #N/A
A51: =ROW()-5 -> 46 | B51: 주혜원 | C51: 파트 | D51: =VLOOKUP(B51,파트!$C$5:$I$95,7,0) -> 050722-4155113 | G51: =VLOOKUP(B51,파트!$C$5:$H$69,6,0) -> 1768000 | H51: 13000 | I51: =G51 -> 1768000 | N51: =IF(OR(AI51="",AI51=0),0, IF(ISNUMBER(SEARCH("추가",AI51)), G51/$O$3*VALUE(SUBSTITUTE(SUBSTITUTE(TRIM(AI51)," ",""),"추가","")), 0)) -> 0 | O51: =G51/H51 -> 136 | P51: =IF(ISNUMBER(SEARCH("차감",AI51)), VALUE(SUBSTITUTE(SUBSTITUTE(SUBSTITUTE(TRIM(AI51)," ",""),"차감",""),"일","")), IF(AND(YEAR(F51)=$M$3,MONTH(F51)=$N$3),$O$3-DAY(F51), IF(AND(YEAR(E51)=$M$3,MONTH(E51)=$N$3),DAY(E51)-1,0))) -> 0 | Q51: =ROUNDDOWN(G51/$O$3*P51,-1) -> 0 | T51: =G51-Q51-S51+N51+L51 -> 1768000 | W51: =A51 -> 46 | X51: =B51 -> 주혜원 | Y51: =ROUNDDOWN(T51*3%,-1) -> 53040 | Z51: =ROUNDDOWN(Y51*10%,-1) -> 5300 | AG51: =SUM(Y51:AF51) -> 58340 | AH51: =T51-AG51 -> 1709660 | AL51: 2762500 | AO51: 1612000 | AQ51: 1860000 | AR51: 2082000 | AS51: 1854000 | AT51: 1188000 | AU51: 834000 | AV51: 822000 | AW51: 1890000
A52: =ROW()-5 -> 47 | B52: 김철우 | C52: 파트 | D52: =VLOOKUP(B52,파트!$C$5:$I$95,7,0) -> 070111-3155018 | G52: =VLOOKUP(B52,파트!$C$5:$H$69,6,0) -> 1722500 | H52: 13000 | I52: =G52 -> 1722500 | N52: =IF(OR(AI52="",AI52=0),0, IF(ISNUMBER(SEARCH("추가",AI52)), G52/$O$3*VALUE(SUBSTITUTE(SUBSTITUTE(TRIM(AI52)," ",""),"추가","")), 0)) -> 0 | O52: =G52/H52 -> 132.5 | P52: =IF(ISNUMBER(SEARCH("차감",AI52)), VALUE(SUBSTITUTE(SUBSTITUTE(SUBSTITUTE(TRIM(AI52)," ",""),"차감",""),"일","")), IF(AND(YEAR(F52)=$M$3,MONTH(F52)=$N$3),$O$3-DAY(F52), IF(AND(YEAR(E52)=$M$3,MONTH(E52)=$N$3),DAY(E52)-1,0))) -> 0 | Q52: =ROUNDDOWN(G52/$O$3*P52,-1) -> 0 | T52: =G52-Q52-S52+N52+L52 -> 1722500 | W52: =A52 -> 47 | X52: =B52 -> 김철우 | Y52: =ROUNDDOWN(T52*3%,-1) -> 51670 | Z52: =ROUNDDOWN(Y52*10%,-1) -> 5160 | AG52: =SUM(Y52:AF52) -> 56830 | AH52: =T52-AG52 -> 1665670 | AL52: 1774500 | AO52: 1670500 | AQ52: 1308000 | AR52: 1344000 | AS52: 1488000 | AT52: 756000 | AU52: 1482000 | AV52: 1590000 | AW52: 1620000
A53: =ROW()-5 -> 48 | B53: 김수연 | C53: 파트 | D53: =VLOOKUP(B53,파트!$C$5:$I$95,7,0) -> 990817-2005918 | G53: =VLOOKUP(B53,파트!$C$5:$H$69,6,0) -> 1508000 | H53: 13000 | I53: =G53 -> 1508000 | N53: =IF(OR(AI53="",AI53=0),0, IF(ISNUMBER(SEARCH("추가",AI53)), G53/$O$3*VALUE(SUBSTITUTE(SUBSTITUTE(TRIM(AI53)," ",""),"추가","")), 0)) -> 0 | O53: =G53/H53 -> 116 | P53: =IF(ISNUMBER(SEARCH("차감",AI53)), VALUE(SUBSTITUTE(SUBSTITUTE(SUBSTITUTE(TRIM(AI53)," ",""),"차감",""),"일","")), IF(AND(YEAR(F53)=$M$3,MONTH(F53)=$N$3),$O$3-DAY(F53), IF(AND(YEAR(E53)=$M$3,MONTH(E53)=$N$3),DAY(E53)-1,0))) -> 0 | Q53: =ROUNDDOWN(G53/$O$3*P53,-1) -> 0 | T53: =G53-Q53-S53+N53+L53 -> 1508000 | W53: =A53 -> 48 | X53: =B53 -> 김수연 | Y53: =ROUNDDOWN(T53*3%,-1) -> 45240 | Z53: =ROUNDDOWN(Y53*10%,-1) -> 4520 | AG53: =SUM(Y53:AF53) -> 49760 | AH53: =T53-AG53 -> 1458240 | AL53: 1235000 | AO53: 845000 | AQ53: 1164000 | AR53: 1398000 | AS53: 1254000 | AT53: 1386000 | AU53: 1320000 | AV53: 726000 | AW53: #N/A
A54: =ROW()-5 -> 49 | B54: 서진우 | C54: 파트 | D54: =VLOOKUP(B54,파트!$C$5:$I$95,7,0) -> 990927-1213821 | G54: =VLOOKUP(B54,파트!$C$5:$H$69,6,0) -> 2060500 | H54: 13000 | I54: =G54 -> 2060500 | N54: =IF(OR(AI54="",AI54=0),0, IF(ISNUMBER(SEARCH("추가",AI54)), G54/$O$3*VALUE(SUBSTITUTE(SUBSTITUTE(TRIM(AI54)," ",""),"추가","")), 0)) -> 0 | O54: =G54/H54 -> 158.5 | P54: =IF(ISNUMBER(SEARCH("차감",AI54)), VALUE(SUBSTITUTE(SUBSTITUTE(SUBSTITUTE(TRIM(AI54)," ",""),"차감",""),"일","")), IF(AND(YEAR(F54)=$M$3,MONTH(F54)=$N$3),$O$3-DAY(F54), IF(AND(YEAR(E54)=$M$3,MONTH(E54)=$N$3),DAY(E54)-1,0))) -> 0 | Q54: =ROUNDDOWN(G54/$O$3*P54,-1) -> 0 | T54: =G54-Q54-S54+N54+L54 -> 2060500 | W54: =A54 -> 49 | X54: =B54 -> 서진우 | Y54: =ROUNDDOWN(T54*3%,-1) -> 61810 | Z54: =ROUNDDOWN(Y54*10%,-1) -> 6180 | AG54: =SUM(Y54:AF54) -> 67990 | AH54: =T54-AG54 -> 1992510 | AL54: 2054000 | AO54: 1066000 | AQ54: 1296000 | AR54: 336000 | AS54: 1674000 | AT54: 1320000 | AU54: 66000 | AV54: #N/A | AW54: #N/A
A55: =ROW()-5 -> 50 | B55: 윤동현 | C55: 파트 | D55: =VLOOKUP(B55,파트!$C$5:$I$95,7,0) -> 020712-3155616 | G55: =VLOOKUP(B55,파트!$C$5:$H$69,6,0) -> 409500 | H55: 13000 | I55: =G55 -> 409500 | N55: =IF(OR(AI55="",AI55=0),0, IF(ISNUMBER(SEARCH("추가",AI55)), G55/$O$3*VALUE(SUBSTITUTE(SUBSTITUTE(TRIM(AI55)," ",""),"추가","")), 0)) -> 0 | O55: =G55/H55 -> 31.5 | P55: =IF(ISNUMBER(SEARCH("차감",AI55)), VALUE(SUBSTITUTE(SUBSTITUTE(SUBSTITUTE(TRIM(AI55)," ",""),"차감",""),"일","")), IF(AND(YEAR(F55)=$M$3,MONTH(F55)=$N$3),$O$3-DAY(F55), IF(AND(YEAR(E55)=$M$3,MONTH(E55)=$N$3),DAY(E55)-1,0))) -> 0 | Q55: =ROUNDDOWN(G55/$O$3*P55,-1) -> 0 | T55: =G55-Q55-S55+N55+L55 -> 409500 | W55: =A55 -> 50 | X55: =B55 -> 윤동현 | Y55: =ROUNDDOWN(T55*3%,-1) -> 12280 | Z55: =ROUNDDOWN(Y55*10%,-1) -> 1220 | AG55: =SUM(Y55:AF55) -> 13500 | AH55: =T55-AG55 -> 396000 | AL55: 1885000 | AO55: 1911000 | AQ55: 66000 | AR55: 1464000 | AS55: 1392000 | AT55: 1452000 | AU55: 66000 | AV55: #N/A | AW55: #N/A
A56: =ROW()-5 -> 51 | B56: 김정진 | C56: 파트 | D56: =VLOOKUP(B56,파트!$C$5:$I$95,7,0) -> 050215-3122818 | G56: =VLOOKUP(B56,파트!$C$5:$H$69,6,0) -> 1755000 | H56: 13000 | I56: =G56 -> 1755000 | N56: =IF(OR(AI56="",AI56=0),0, IF(ISNUMBER(SEARCH("추가",AI56)), G56/$O$3*VALUE(SUBSTITUTE(SUBSTITUTE(TRIM(AI56)," ",""),"추가","")), 0)) -> 0 | O56: =G56/H56 -> 135 | P56: =IF(ISNUMBER(SEARCH("차감",AI56)), VALUE(SUBSTITUTE(SUBSTITUTE(SUBSTITUTE(TRIM(AI56)," ",""),"차감",""),"일","")), IF(AND(YEAR(F56)=$M$3,MONTH(F56)=$N$3),$O$3-DAY(F56), IF(AND(YEAR(E56)=$M$3,MONTH(E56)=$N$3),DAY(E56)-1,0))) -> 0 | Q56: =ROUNDDOWN(G56/$O$3*P56,-1) -> 0 | T56: =G56-Q56-S56+N56+L56 -> 1755000 | W56: =A56 -> 51 | X56: =B56 -> 김정진 | Y56: =ROUNDDOWN(T56*3%,-1) -> 52650 | Z56: =ROUNDDOWN(Y56*10%,-1) -> 5260 | AG56: =SUM(Y56:AF56) -> 57910 | AH56: =T56-AG56 -> 1697090 | AL56: 2106000 | AO56: 1371500 | AQ56: 1200000 | AR56: 594000 | AS56: 402000 | AT56: 1518000 | AU56: 1530000 | AV56: #N/A | AW56: #N/A
A57: =ROW()-5 -> 52 | B57: 황수아 | C57: 파트 | D57: =VLOOKUP(B57,파트!$C$5:$I$95,7,0) -> 010212-4163121 | G57: =VLOOKUP(B57,파트!$C$5:$H$69,6,0) -> 786500 | H57: 13000 | I57: =G57 -> 786500 | N57: =IF(OR(AI57="",AI57=0),0, IF(ISNUMBER(SEARCH("추가",AI57)), G57/$O$3*VALUE(SUBSTITUTE(SUBSTITUTE(TRIM(AI57)," ",""),"추가","")), 0)) -> 0 | O57: =G57/H57 -> 60.5 | P57: =IF(ISNUMBER(SEARCH("차감",AI57)), VALUE(SUBSTITUTE(SUBSTITUTE(SUBSTITUTE(TRIM(AI57)," ",""),"차감",""),"일","")), IF(AND(YEAR(F57)=$M$3,MONTH(F57)=$N$3),$O$3-DAY(F57), IF(AND(YEAR(E57)=$M$3,MONTH(E57)=$N$3),DAY(E57)-1,0))) -> 0 | Q57: =ROUNDDOWN(G57/$O$3*P57,-1) -> 0 | T57: =G57-Q57-S57+N57+L57 -> 786500 | W57: =A57 -> 52 | X57: =B57 -> 황수아 | Y57: =ROUNDDOWN(T57*3%,-1) -> 23590 | Z57: =ROUNDDOWN(Y57*10%,-1) -> 2350 | AG57: =SUM(Y57:AF57) -> 25940 | AH57: =T57-AG57 -> 760560 | AL57: 1072500 | AO57: 936000 | AQ57: 1464000 | AR57: 1344000 | AS57: 1386000 | AT57: 1050000 | AU57: 1188000 | AV57: 1038000 | AW57: #N/A
A58: =ROW()-5 -> 53 | B58: 김동현 | C58: 파트 | D58: =VLOOKUP(B58,파트!$C$5:$I$95,7,0) -> 990824-1081317 | G58: =VLOOKUP(B58,파트!$C$5:$H$69,6,0) -> 2002000 | H58: 13000 | I58: =G58 -> 2002000 | N58: =IF(OR(AI58="",AI58=0),0, IF(ISNUMBER(SEARCH("추가",AI58)), G58/$O$3*VALUE(SUBSTITUTE(SUBSTITUTE(TRIM(AI58)," ",""),"추가","")), 0)) -> 0 | O58: =G58/H58 -> 154 | P58: =IF(ISNUMBER(SEARCH("차감",AI58)), VALUE(SUBSTITUTE(SUBSTITUTE(SUBSTITUTE(TRIM(AI58)," ",""),"차감",""),"일","")), IF(AND(YEAR(F58)=$M$3,MONTH(F58)=$N$3),$O$3-DAY(F58), IF(AND(YEAR(E58)=$M$3,MONTH(E58)=$N$3),DAY(E58)-1,0))) -> 0 | Q58: =ROUNDDOWN(G58/$O$3*P58,-1) -> 0 | T58: =G58-Q58-S58+N58+L58 -> 2002000 | W58: =A58 -> 53 | X58: =B58 -> 김동현 | Y58: =ROUNDDOWN(T58*3%,-1) -> 60060 | Z58: =ROUNDDOWN(Y58*10%,-1) -> 6000 | AG58: =SUM(Y58:AF58) -> 66060 | AH58: =T58-AG58 -> 1935940 | AL58: 1202500 | AO58: 1716000 | AQ58: 1260000 | AR58: 138000 | AS58: 876000 | AT58: 840000 | AU58: 726000 | AV58: 714000 | AW58: 1920000
A59: =ROW()-5 -> 54 | B59: 이태현 | C59: 파트 | D59: =VLOOKUP(B59,파트!$C$5:$I$95,7,0) -> 071229-3158912 | G59: =VLOOKUP(B59,파트!$C$5:$H$69,6,0) -> 1729000 | H59: 13000 | I59: =G59 -> 1729000 | N59: =IF(OR(AI59="",AI59=0),0, IF(ISNUMBER(SEARCH("추가",AI59)), G59/$O$3*VALUE(SUBSTITUTE(SUBSTITUTE(TRIM(AI59)," ",""),"추가","")), 0)) -> 0 | O59: =G59/H59 -> 133 | P59: =IF(ISNUMBER(SEARCH("차감",AI59)), VALUE(SUBSTITUTE(SUBSTITUTE(SUBSTITUTE(TRIM(AI59)," ",""),"차감",""),"일","")), IF(AND(YEAR(F59)=$M$3,MONTH(F59)=$N$3),$O$3-DAY(F59), IF(AND(YEAR(E59)=$M$3,MONTH(E59)=$N$3),DAY(E59)-1,0))) -> 0 | Q59: =ROUNDDOWN(G59/$O$3*P59,-1) -> 0 | T59: =G59-Q59-S59+N59+L59 -> 1729000 | W59: =A59 -> 54 | X59: =B59 -> 이태현 | Y59: =ROUNDDOWN(T59*3%,-1) -> 51870 | Z59: =ROUNDDOWN(Y59*10%,-1) -> 5180 | AG59: =SUM(Y59:AF59) -> 57050 | AH59: =T59-AG59 -> 1671950 | AL59: 2106000 | AO59: 1898000 | AQ59: 726000 | AR59: 630000 | AS59: 630000 | AT59: 618000 | AU59: 1560000 | AV59: 1134000 | AW59: 1194000
A60: =ROW()-5 -> 55 | B60: 주희연 | C60: 파트 | D60: =VLOOKUP(B60,파트!$C$5:$I$95,7,0) -> 050804-4156712 | G60: =VLOOKUP(B60,파트!$C$5:$H$69,6,0) -> 643500 | H60: 13000 | I60: =G60 -> 643500 | N60: =IF(OR(AI60="",AI60=0),0, IF(ISNUMBER(SEARCH("추가",AI60)), G60/$O$3*VALUE(SUBSTITUTE(SUBSTITUTE(TRIM(AI60)," ",""),"추가","")), 0)) -> 0 | O60: =G60/H60 -> 49.5 | P60: =IF(ISNUMBER(SEARCH("차감",AI60)), VALUE(SUBSTITUTE(SUBSTITUTE(SUBSTITUTE(TRIM(AI60)," ",""),"차감",""),"일","")), IF(AND(YEAR(F60)=$M$3,MONTH(F60)=$N$3),$O$3-DAY(F60), IF(AND(YEAR(E60)=$M$3,MONTH(E60)=$N$3),DAY(E60)-1,0))) -> 0 | Q60: =ROUNDDOWN(G60/$O$3*P60,-1) -> 0 | T60: =G60-Q60-S60+N60+L60 -> 643500 | W60: =A60 -> 55 | X60: =B60 -> 주희연 | Y60: =ROUNDDOWN(T60*3%,-1) -> 19300 | Z60: =ROUNDDOWN(Y60*10%,-1) -> 1930 | AG60: =SUM(Y60:AF60) -> 21230 | AH60: =T60-AG60 -> 622270 | AL60: 2021500 | AO60: 1488500 | AQ60: 72000 | AR60: 72000 | AS60: 156000 | AT60: 552000 | AU60: 912000 | AV60: 552000 | AW60: 912000
A61: =ROW()-5 -> 56 | B61: 김서연 | C61: 파트 | D61: =VLOOKUP(B61,파트!$C$5:$I$95,7,0) -> 070904-4156018 | G61: =VLOOKUP(B61,파트!$C$5:$H$69,6,0) -> 1358500 | H61: 13000 | I61: =G61 -> 1358500 | N61: =IF(OR(AI61="",AI61=0),0, IF(ISNUMBER(SEARCH("추가",AI61)), G61/$O$3*VALUE(SUBSTITUTE(SUBSTITUTE(TRIM(AI61)," ",""),"추가","")), 0)) -> 0 | O61: =G61/H61 -> 104.5 | P61: =IF(ISNUMBER(SEARCH("차감",AI61)), VALUE(SUBSTITUTE(SUBSTITUTE(SUBSTITUTE(TRIM(AI61)," ",""),"차감",""),"일","")), IF(AND(YEAR(F61)=$M$3,MONTH(F61)=$N$3),$O$3-DAY(F61), IF(AND(YEAR(E61)=$M$3,MONTH(E61)=$N$3),DAY(E61)-1,0))) -> 0 | Q61: =ROUNDDOWN(G61/$O$3*P61,-1) -> 0 | T61: =G61-Q61-S61+N61+L61 -> 1358500 | W61: =A61 -> 56 | X61: =B61 -> 김서연 | Y61: =ROUNDDOWN(T61*3%,-1) -> 40750 | Z61: =ROUNDDOWN(Y61*10%,-1) -> 4070 | AG61: =SUM(Y61:AF61) -> 44820 | AH61: =T61-AG61 -> 1313680 | AL61: 715000 | AO61: 1592500 | AQ61: 396000 | AR61: 1074000 | AS61: 1596000 | AT61: 966000 | AU61: 1122000 | AV61: 1200000 | AW61: 1194000
A62: =ROW()-5 -> 57 | B62: 권은주 | C62: 파트 | D62: =VLOOKUP(B62,파트!$C$5:$I$95,7,0) -> 731006-2894913 | G62: =VLOOKUP(B62,파트!$C$5:$H$69,6,0) -> 1794000 | H62: 13000 | I62: =G62 -> 1794000 | N62: =IF(OR(AI62="",AI62=0),0, IF(ISNUMBER(SEARCH("추가",AI62)), G62/$O$3*VALUE(SUBSTITUTE(SUBSTITUTE(TRIM(AI62)," ",""),"추가","")), 0)) -> 0 | O62: =G62/H62 -> 138 | P62: =IF(ISNUMBER(SEARCH("차감",AI62)), VALUE(SUBSTITUTE(SUBSTITUTE(SUBSTITUTE(TRIM(AI62)," ",""),"차감",""),"일","")), IF(AND(YEAR(F62)=$M$3,MONTH(F62)=$N$3),$O$3-DAY(F62), IF(AND(YEAR(E62)=$M$3,MONTH(E62)=$N$3),DAY(E62)-1,0))) -> 0 | Q62: =ROUNDDOWN(G62/$O$3*P62,-1) -> 0 | T62: =G62-Q62-S62+N62+L62 -> 1794000 | W62: =A62 -> 57 | X62: =B62 -> 권은주 | Y62: =ROUNDDOWN(T62*3%,-1) -> 53820 | Z62: =ROUNDDOWN(Y62*10%,-1) -> 5380 | AG62: =SUM(Y62:AF62) -> 59200 | AH62: =T62-AG62 -> 1734800 | AL62: 1293500 | AO62: 1599000 | AQ62: 1554000 | AR62: 840000 | AS62: 528000 | AT62: 1104000 | AU62: 618000 | AV62: 1398000 | AW62: 1014000
A63: =ROW()-5 -> 58 | B63: 박경원 | C63: 파트 | D63: =VLOOKUP(B63,파트!$C$5:$I$95,7,0) -> 071012-3154816 | G63: =VLOOKUP(B63,파트!$C$5:$H$69,6,0) -> 1521000 | H63: 13000 | I63: =G63 -> 1521000 | N63: =IF(OR(AI63="",AI63=0),0, IF(ISNUMBER(SEARCH("추가",AI63)), G63/$O$3*VALUE(SUBSTITUTE(SUBSTITUTE(TRIM(AI63)," ",""),"추가","")), 0)) -> 0 | O63: =G63/H63 -> 117 | P63: =IF(ISNUMBER(SEARCH("차감",AI63)), VALUE(SUBSTITUTE(SUBSTITUTE(SUBSTITUTE(TRIM(AI63)," ",""),"차감",""),"일","")), IF(AND(YEAR(F63)=$M$3,MONTH(F63)=$N$3),$O$3-DAY(F63), IF(AND(YEAR(E63)=$M$3,MONTH(E63)=$N$3),DAY(E63)-1,0))) -> 0 | Q63: =ROUNDDOWN(G63/$O$3*P63,-1) -> 0 | T63: =G63-Q63-S63+N63+L63 -> 1521000 | W63: =A63 -> 58 | X63: =B63 -> 박경원 | Y63: =ROUNDDOWN(T63*3%,-1) -> 45630 | Z63: =ROUNDDOWN(Y63*10%,-1) -> 4560 | AG63: =SUM(Y63:AF63) -> 50190 | AH63: =T63-AG63 -> 1470810 | AL63: 1800500 | AO63: 1501500 | AQ63: 654000 | AR63: 960000 | AS63: 864000 | AT63: 444000 | AU63: 1254000 | AV63: 426000 | AW63: 822000
A64: =ROW()-5 -> 59 | B64: 이혜원 | C64: 파트 | D64: =VLOOKUP(B64,파트!$C$5:$I$95,7,0) -> 040202-4784027 | G64: =VLOOKUP(B64,파트!$C$5:$H$69,6,0) -> 1287000 | H64: 13000 | I64: =G64 -> 1287000 | N64: =IF(OR(AI64="",AI64=0),0, IF(ISNUMBER(SEARCH("추가",AI64)), G64/$O$3*VALUE(SUBSTITUTE(SUBSTITUTE(TRIM(AI64)," ",""),"추가","")), 0)) -> 0 | O64: =G64/H64 -> 99 | P64: =IF(ISNUMBER(SEARCH("차감",AI64)), VALUE(SUBSTITUTE(SUBSTITUTE(SUBSTITUTE(TRIM(AI64)," ",""),"차감",""),"일","")), IF(AND(YEAR(F64)=$M$3,MONTH(F64)=$N$3),$O$3-DAY(F64), IF(AND(YEAR(E64)=$M$3,MONTH(E64)=$N$3),DAY(E64)-1,0))) -> 0 | Q64: =ROUNDDOWN(G64/$O$3*P64,-1) -> 0 | T64: =G64-Q64-S64+N64+L64 -> 1287000 | W64: =A64 -> 59 | X64: =B64 -> 이혜원 | Y64: =ROUNDDOWN(T64*3%,-1) -> 38610 | Z64: =ROUNDDOWN(Y64*10%,-1) -> 3860 | AG64: =SUM(Y64:AF64) -> 42470 | AH64: =T64-AG64 -> 1244530 | AL64: 767000 | AO64: 1287000 | AQ64: 972000 | AR64: 348000 | AS64: 726000 | AT64: 1344000 | AU64: 1314000 | AV64: 1878000 | AW64: 1440000
A65: =ROW()-5 -> 60 | B65: 이다온 | C65: 파트 | D65: =VLOOKUP(B65,파트!$C$5:$I$95,7,0) -> 040501-4156419 | G65: =VLOOKUP(B65,파트!$C$5:$H$69,6,0) -> 1638000 | H65: 13000 | I65: =G65 -> 1638000 | N65: =IF(OR(AI65="",AI65=0),0, IF(ISNUMBER(SEARCH("추가",AI65)), G65/$O$3*VALUE(SUBSTITUTE(SUBSTITUTE(TRIM(AI65)," ",""),"추가","")), 0)) -> 0 | O65: =G65/H65 -> 126 | P65: =IF(ISNUMBER(SEARCH("차감",AI65)), VALUE(SUBSTITUTE(SUBSTITUTE(SUBSTITUTE(TRIM(AI65)," ",""),"차감",""),"일","")), IF(AND(YEAR(F65)=$M$3,MONTH(F65)=$N$3),$O$3-DAY(F65), IF(AND(YEAR(E65)=$M$3,MONTH(E65)=$N$3),DAY(E65)-1,0))) -> 0 | Q65: =ROUNDDOWN(G65/$O$3*P65,-1) -> 0 | T65: =G65-Q65-S65+N65+L65 -> 1638000 | W65: =A65 -> 60 | X65: =B65 -> 이다온 | Y65: =ROUNDDOWN(T65*3%,-1) -> 49140 | Z65: =ROUNDDOWN(Y65*10%,-1) -> 4910 | AG65: =SUM(Y65:AF65) -> 54050 | AH65: =T65-AG65 -> 1583950 | AL65: 500500 | AO65: 156000 | AQ65: 432000 | AR65: 1272000 | AS65: 1338000 | AT65: 762000 | AU65: 672000 | AV65: 420000 | AW65: 1194000
A66: =ROW()-5 -> 61 | B66: 강준은 | C66: 파트 | D66: =VLOOKUP(B66,파트!$C$5:$I$95,7,0) -> 040612-3184329 | G66: =VLOOKUP(B66,파트!$C$5:$H$69,6,0) -> 533000 | H66: 13000 | I66: =G66 -> 533000 | N66: =IF(OR(AI66="",AI66=0),0, IF(ISNUMBER(SEARCH("추가",AI66)), G66/$O$3*VALUE(SUBSTITUTE(SUBSTITUTE(TRIM(AI66)," ",""),"추가","")), 0)) -> 0 | O66: =G66/H66 -> 41 | P66: =IF(ISNUMBER(SEARCH("차감",AI66)), VALUE(SUBSTITUTE(SUBSTITUTE(SUBSTITUTE(TRIM(AI66)," ",""),"차감",""),"일","")), IF(AND(YEAR(F66)=$M$3,MONTH(F66)=$N$3),$O$3-DAY(F66), IF(AND(YEAR(E66)=$M$3,MONTH(E66)=$N$3),DAY(E66)-1,0))) -> 0 | Q66: =ROUNDDOWN(G66/$O$3*P66,-1) -> 0 | T66: =G66-Q66-S66+N66+L66 -> 533000 | W66: =A66 -> 61 | X66: =B66 -> 강준은 | Y66: =ROUNDDOWN(T66*3%,-1) -> 15990 | Z66: =ROUNDDOWN(Y66*10%,-1) -> 1590 | AG66: =SUM(Y66:AF66) -> 17580 | AH66: =T66-AG66 -> 515420 | AL66: 1690000 | AO66: 1365000 | AQ66: 870000 | AR66: 1470000 | AS66: 1242000 | AT66: 2100000 | AU66: 1902000 | AV66: 1350000 | AW66: #N/A
A67: =ROW()-5 -> 62 | B67: 문서연 | C67: 파트 | D67: =VLOOKUP(B67,파트!$C$5:$I$95,7,0) -> 030923-4151819 | G67: =VLOOKUP(B67,파트!$C$5:$H$69,6,0) -> 1755000 | H67: 13000 | I67: =G67 -> 1755000 | N67: =IF(OR(AI67="",AI67=0),0, IF(ISNUMBER(SEARCH("추가",AI67)), G67/$O$3*VALUE(SUBSTITUTE(SUBSTITUTE(TRIM(AI67)," ",""),"추가","")), 0)) -> 0 | O67: =G67/H67 -> 135 | P67: =IF(ISNUMBER(SEARCH("차감",AI67)), VALUE(SUBSTITUTE(SUBSTITUTE(SUBSTITUTE(TRIM(AI67)," ",""),"차감",""),"일","")), IF(AND(YEAR(F67)=$M$3,MONTH(F67)=$N$3),$O$3-DAY(F67), IF(AND(YEAR(E67)=$M$3,MONTH(E67)=$N$3),DAY(E67)-1,0))) -> 0 | Q67: =ROUNDDOWN(G67/$O$3*P67,-1) -> 0 | T67: =G67-Q67-S67+N67+L67 -> 1755000 | W67: =A67 -> 62 | X67: =B67 -> 문서연 | Y67: =ROUNDDOWN(T67*3%,-1) -> 52650 | Z67: =ROUNDDOWN(Y67*10%,-1) -> 5260 | AG67: =SUM(Y67:AF67) -> 57910 | AH67: =T67-AG67 -> 1697090 | AL67: 1625000 | AO67: 1183000 | AQ67: 906000 | AR67: 138000 | AS67: 876000 | AT67: 840000 | AU67: 726000 | AV67: 714000 | AW67: 1920000
A68: =ROW()-5 -> 63 | B68: 정영수 | C68: 파트 | D68: =VLOOKUP(B68,파트!$C$5:$I$95,7,0) -> 041127-3222537 | G68: =VLOOKUP(B68,파트!$C$5:$H$69,6,0) -> 1469000 | H68: 13000 | I68: =G68 -> 1469000 | N68: =IF(OR(AI68="",AI68=0),0, IF(ISNUMBER(SEARCH("추가",AI68)), G68/$O$3*VALUE(SUBSTITUTE(SUBSTITUTE(TRIM(AI68)," ",""),"추가","")), 0)) -> 0 | O68: =G68/H68 -> 113 | P68: =IF(ISNUMBER(SEARCH("차감",AI68)), VALUE(SUBSTITUTE(SUBSTITUTE(SUBSTITUTE(TRIM(AI68)," ",""),"차감",""),"일","")), IF(AND(YEAR(F68)=$M$3,MONTH(F68)=$N$3),$O$3-DAY(F68), IF(AND(YEAR(E68)=$M$3,MONTH(E68)=$N$3),DAY(E68)-1,0))) -> 0 | Q68: =ROUNDDOWN(G68/$O$3*P68,-1) -> 0 | T68: =G68-Q68-S68+N68+L68 -> 1469000 | W68: =A68 -> 63 | X68: =B68 -> 정영수 | Y68: =ROUNDDOWN(T68*3%,-1) -> 44070 | Z68: =ROUNDDOWN(Y68*10%,-1) -> 4400 | AG68: =SUM(Y68:AF68) -> 48470 | AH68: =T68-AG68 -> 1420530 | AL68: 1917500 | AO68: 1677000 | AQ68: 480000 | AR68: 630000 | AS68: 630000 | AT68: 618000 | AU68: 1560000 | AV68: 1134000 | AW68: 1194000
A69: =ROW()-5 -> 64 | B69: 이윤서 | C69: 파트 | D69: =VLOOKUP(B69,파트!$C$5:$I$95,7,0) -> 030303-4158113 | G69: =VLOOKUP(B69,파트!$C$5:$H$69,6,0) -> 1521000 | H69: 13000 | I69: =G69 -> 1521000 | N69: =IF(OR(AI69="",AI69=0),0, IF(ISNUMBER(SEARCH("추가",AI69)), G69/$O$3*VALUE(SUBSTITUTE(SUBSTITUTE(TRIM(AI69)," ",""),"추가","")), 0)) -> 0 | O69: =G69/H69 -> 117 | P69: =IF(ISNUMBER(SEARCH("차감",AI69)), VALUE(SUBSTITUTE(SUBSTITUTE(SUBSTITUTE(TRIM(AI69)," ",""),"차감",""),"일","")), IF(AND(YEAR(F69)=$M$3,MONTH(F69)=$N$3),$O$3-DAY(F69), IF(AND(YEAR(E69)=$M$3,MONTH(E69)=$N$3),DAY(E69)-1,0))) -> 0 | Q69: =ROUNDDOWN(G69/$O$3*P69,-1) -> 0 | T69: =G69-Q69-S69+N69+L69 -> 1521000 | W69: =A69 -> 64 | X69: =B69 -> 이윤서 | Y69: =ROUNDDOWN(T69*3%,-1) -> 45630 | Z69: =ROUNDDOWN(Y69*10%,-1) -> 4560 | AG69: =SUM(Y69:AF69) -> 50190 | AH69: =T69-AG69 -> 1470810 | AL69: 708500 | AO69: 702000 | AQ69: 750000 | AR69: 72000 | AS69: 156000 | AT69: 552000 | AU69: 912000 | AV69: 552000 | AW69: 912000
A70: =ROW()-5 -> 65 | B70: 이강욱 | C70: 파트 | D70: =VLOOKUP(B70,파트!$C$5:$I$95,7,0) -> 060816-3159016 | G70: =VLOOKUP(B70,파트!$C$5:$H$69,6,0) -> 988000 | H70: 13000 | I70: =G70 -> 988000 | N70: =IF(OR(AI70="",AI70=0),0, IF(ISNUMBER(SEARCH("추가",AI70)), G70/$O$3*VALUE(SUBSTITUTE(SUBSTITUTE(TRIM(AI70)," ",""),"추가","")), 0)) -> 0 | O70: =G70/H70 -> 76 | P70: =IF(ISNUMBER(SEARCH("차감",AI70)), VALUE(SUBSTITUTE(SUBSTITUTE(SUBSTITUTE(TRIM(AI70)," ",""),"차감",""),"일","")), IF(AND(YEAR(F70)=$M$3,MONTH(F70)=$N$3),$O$3-DAY(F70), IF(AND(YEAR(E70)=$M$3,MONTH(E70)=$N$3),DAY(E70)-1,0))) -> 0 | Q70: =ROUNDDOWN(G70/$O$3*P70,-1) -> 0 | T70: =G70-Q70-S70+N70+L70 -> 988000 | W70: =A70 -> 65 | X70: =B70 -> 이강욱 | Y70: =ROUNDDOWN(T70*3%,-1) -> 29640 | Z70: =ROUNDDOWN(Y70*10%,-1) -> 2960 | AG70: =SUM(Y70:AF70) -> 32600 | AH70: =T70-AG70 -> 955400 | AL70: 1514500 | AO70: 1521000 | AQ70: 354000 | AR70: 1074000 | AS70: 1596000 | AT70: 966000 | AU70: 1122000 | AV70: 1200000 | AW70: 1194000
A71: =ROW()-5 -> 66 | B71: 김아영 | C71: 파트 | D71: =VLOOKUP(B71,파트!$C$5:$I$95,7,0) -> 041227-4082114 | G71: =VLOOKUP(B71,파트!$C$5:$H$69,6,0) -> 734500 | H71: 13000 | I71: =G71 -> 734500 | N71: =IF(OR(AI71="",AI71=0),0, IF(ISNUMBER(SEARCH("추가",AI71)), G71/$O$3*VALUE(SUBSTITUTE(SUBSTITUTE(TRIM(AI71)," ",""),"추가","")), 0)) -> 0 | O71: =G71/H71 -> 56.5 | P71: =IF(ISNUMBER(SEARCH("차감",AI71)), VALUE(SUBSTITUTE(SUBSTITUTE(SUBSTITUTE(TRIM(AI71)," ",""),"차감",""),"일","")), IF(AND(YEAR(F71)=$M$3,MONTH(F71)=$N$3),$O$3-DAY(F71), IF(AND(YEAR(E71)=$M$3,MONTH(E71)=$N$3),DAY(E71)-1,0))) -> 0 | Q71: =ROUNDDOWN(G71/$O$3*P71,-1) -> 0 | T71: =G71-Q71-S71+N71+L71 -> 734500 | W71: =A71 -> 66 | X71: =B71 -> 김아영 | Y71: =ROUNDDOWN(T71*3%,-1) -> 22030 | Z71: =ROUNDDOWN(Y71*10%,-1) -> 2200 | AG71: =SUM(Y71:AF71) -> 24230 | AH71: =T71-AG71 -> 710270 | AL71: 2093000 | AO71: 1436500 | AQ71: 210000 | AR71: 840000 | AS71: 528000 | AT71: 1104000 | AU71: 618000 | AV71: 1398000 | AW71: 1014000
A72: =ROW()-5 -> 67 | B72: 이민성 | C72: 파트 | D72: =VLOOKUP(B72,파트!$C$5:$I$95,7,0) -> 060606-3156019 | G72: =VLOOKUP(B72,파트!$C$5:$H$69,6,0) -> 1267500 | H72: 13000 | I72: =G72 -> 1267500 | N72: =IF(OR(AI72="",AI72=0),0, IF(ISNUMBER(SEARCH("추가",AI72)), G72/$O$3*VALUE(SUBSTITUTE(SUBSTITUTE(TRIM(AI72)," ",""),"추가","")), 0)) -> 0 | O72: =G72/H72 -> 97.5 | P72: =IF(ISNUMBER(SEARCH("차감",AI72)), VALUE(SUBSTITUTE(SUBSTITUTE(SUBSTITUTE(TRIM(AI72)," ",""),"차감",""),"일","")), IF(AND(YEAR(F72)=$M$3,MONTH(F72)=$N$3),$O$3-DAY(F72), IF(AND(YEAR(E72)=$M$3,MONTH(E72)=$N$3),DAY(E72)-1,0))) -> 0 | Q72: =ROUNDDOWN(G72/$O$3*P72,-1) -> 0 | T72: =G72-Q72-S72+N72+L72 -> 1267500 | W72: =A72 -> 67 | X72: =B72 -> 이민성 | Y72: =ROUNDDOWN(T72*3%,-1) -> 38020 | Z72: =ROUNDDOWN(Y72*10%,-1) -> 3800 | AG72: =SUM(Y72:AF72) -> 41820 | AH72: =T72-AG72 -> 1225680 | AL72: 689000 | AO72: 448500 | AQ72: 414000 | AR72: 960000 | AS72: 864000 | AT72: 444000 | AU72: 1254000 | AV72: 426000 | AW72: 822000
A73: =ROW()-5 -> 68 | B73: 김소연 | C73: 파트 | D73: =VLOOKUP(B73,파트!$C$5:$I$95,7,0) -> 040409-4155010 | G73: =VLOOKUP(B73,파트!$C$5:$H$69,6,0) -> 299000 | H73: 13000 | I73: =G73 -> 299000 | N73: =IF(OR(AI73="",AI73=0),0, IF(ISNUMBER(SEARCH("추가",AI73)), G73/$O$3*VALUE(SUBSTITUTE(SUBSTITUTE(TRIM(AI73)," ",""),"추가","")), 0)) -> 0 | O73: =G73/H73 -> 23 | P73: =IF(ISNUMBER(SEARCH("차감",AI73)), VALUE(SUBSTITUTE(SUBSTITUTE(SUBSTITUTE(TRIM(AI73)," ",""),"차감",""),"일","")), IF(AND(YEAR(F73)=$M$3,MONTH(F73)=$N$3),$O$3-DAY(F73), IF(AND(YEAR(E73)=$M$3,MONTH(E73)=$N$3),DAY(E73)-1,0))) -> 0 | Q73: =ROUNDDOWN(G73/$O$3*P73,-1) -> 0 | T73: =G73-Q73-S73+N73+L73 -> 299000 | W73: =A73 -> 68 | X73: =B73 -> 김소연 | Y73: =ROUNDDOWN(T73*3%,-1) -> 8970 | Z73: =ROUNDDOWN(Y73*10%,-1) -> 890 | AG73: =SUM(Y73:AF73) -> 9860 | AH73: =T73-AG73 -> 289140 | AL73: 2476500 | AO73: 1677000 | AQ73: 480000 | AR73: 630000 | AS73: 630000 | AT73: 618000 | AU73: 1560000 | AV73: 1134000 | AW73: 1194000
A74: =ROW()-5 -> 69 | B74: 최지훈 | C74: 파트 | D74: =VLOOKUP(B74,파트!$C$5:$I$95,7,0) -> 020814-3156211 | G74: =VLOOKUP(B74,파트!$C$5:$H$69,6,0) -> 1423500 | H74: 13000 | I74: =G74 -> 1423500 | N74: =IF(OR(AI74="",AI74=0),0, IF(ISNUMBER(SEARCH("추가",AI74)), G74/$O$3*VALUE(SUBSTITUTE(SUBSTITUTE(TRIM(AI74)," ",""),"추가","")), 0)) -> 0 | O74: =G74/H74 -> 109.5 | P74: =IF(ISNUMBER(SEARCH("차감",AI74)), VALUE(SUBSTITUTE(SUBSTITUTE(SUBSTITUTE(TRIM(AI74)," ",""),"차감",""),"일","")), IF(AND(YEAR(F74)=$M$3,MONTH(F74)=$N$3),$O$3-DAY(F74), IF(AND(YEAR(E74)=$M$3,MONTH(E74)=$N$3),DAY(E74)-1,0))) -> 0 | Q74: =ROUNDDOWN(G74/$O$3*P74,-1) -> 0 | T74: =G74-Q74-S74+N74+L74 -> 1423500 | W74: =A74 -> 69 | X74: =B74 -> 최지훈 | Y74: =ROUNDDOWN(T74*3%,-1) -> 42700 | Z74: =ROUNDDOWN(Y74*10%,-1) -> 4270 | AG74: =SUM(Y74:AF74) -> 46970 | AH74: =T74-AG74 -> 1376530 | AL74: 78000 | AO74: 702000 | AQ74: 750000 | AR74: 72000 | AS74: 156000 | AT74: 552000 | AU74: 912000 | AV74: 552000 | AW74: 912000
A75: =ROW()-5 -> 70 | B75: 함석형 | C75: 파트 | D75: =VLOOKUP(B75,파트!$C$5:$I$95,7,0) -> 010306-3222516 | G75: =VLOOKUP(B75,파트!$C$5:$H$69,6,0) -> 1488500 | H75: 13000 | I75: =G75 -> 1488500 | N75: =IF(OR(AI75="",AI75=0),0, IF(ISNUMBER(SEARCH("추가",AI75)), G75/$O$3*VALUE(SUBSTITUTE(SUBSTITUTE(TRIM(AI75)," ",""),"추가","")), 0)) -> 0 | O75: =G75/H75 -> 114.5 | P75: =IF(ISNUMBER(SEARCH("차감",AI75)), VALUE(SUBSTITUTE(SUBSTITUTE(SUBSTITUTE(TRIM(AI75)," ",""),"차감",""),"일","")), IF(AND(YEAR(F75)=$M$3,MONTH(F75)=$N$3),$O$3-DAY(F75), IF(AND(YEAR(E75)=$M$3,MONTH(E75)=$N$3),DAY(E75)-1,0))) -> 0 | Q75: =ROUNDDOWN(G75/$O$3*P75,-1) -> 0 | T75: =G75-Q75-S75+N75+L75 -> 1488500 | W75: =A75 -> 70 | X75: =B75 -> 함석형 | Y75: =ROUNDDOWN(T75*3%,-1) -> 44650 | Z75: =ROUNDDOWN(Y75*10%,-1) -> 4460 | AG75: =SUM(Y75:AF75) -> 49110 | AH75: =T75-AG75 -> 1439390 | AL75: 474500 | AO75: 1521000 | AQ75: 354000 | AR75: 1074000 | AS75: 1596000 | AT75: 966000 | AU75: 1122000 | AV75: 1200000 | AW75: 1194000
A76: =ROW()-5 -> 71 | B76: 윤서진 | C76: 파트 | D76: =VLOOKUP(B76,파트!$C$5:$I$95,7,0) -> 050510-4156011 | G76: =VLOOKUP(B76,파트!$C$5:$H$69,6,0) -> 78000 | H76: 13000 | I76: =G76 -> 78000 | N76: =IF(OR(AI76="",AI76=0),0, IF(ISNUMBER(SEARCH("추가",AI76)), G76/$O$3*VALUE(SUBSTITUTE(SUBSTITUTE(TRIM(AI76)," ",""),"추가","")), 0)) -> 0 | O76: =G76/H76 -> 6 | P76: =IF(ISNUMBER(SEARCH("차감",AI76)), VALUE(SUBSTITUTE(SUBSTITUTE(SUBSTITUTE(TRIM(AI76)," ",""),"차감",""),"일","")), IF(AND(YEAR(F76)=$M$3,MONTH(F76)=$N$3),$O$3-DAY(F76), IF(AND(YEAR(E76)=$M$3,MONTH(E76)=$N$3),DAY(E76)-1,0))) -> 0 | Q76: =ROUNDDOWN(G76/$O$3*P76,-1) -> 0 | T76: =G76-Q76-S76+N76+L76 -> 78000 | W76: =A76 -> 71 | X76: =B76 -> 윤서진 | Y76: =ROUNDDOWN(T76*3%,-1) -> 2340 | Z76: =ROUNDDOWN(Y76*10%,-1) -> 230 | AG76: =SUM(Y76:AF76) -> 2570 | AH76: =T76-AG76 -> 75430 | AL76: 1742000 | AO76: 1436500 | AQ76: 210000 | AR76: 840000 | AS76: 528000 | AT76: 1104000 | AU76: 618000 | AV76: 1398000 | AW76: 1014000
A77: =ROW()-5 -> 72 | B77: 한재승 | C77: 파트 | D77: =VLOOKUP(B77,파트!$C$5:$I$95,7,0) -> 030916-3155213 | G77: =VLOOKUP(B77,파트!$C$5:$H$69,6,0) -> 1514500 | H77: 13000 | I77: =G77 -> 1514500 | N77: =IF(OR(AI77="",AI77=0),0, IF(ISNUMBER(SEARCH("추가",AI77)), G77/$O$3*VALUE(SUBSTITUTE(SUBSTITUTE(TRIM(AI77)," ",""),"추가","")), 0)) -> 0 | O77: =G77/H77 -> 116.5 | P77: =IF(ISNUMBER(SEARCH("차감",AI77)), VALUE(SUBSTITUTE(SUBSTITUTE(SUBSTITUTE(TRIM(AI77)," ",""),"차감",""),"일","")), IF(AND(YEAR(F77)=$M$3,MONTH(F77)=$N$3),$O$3-DAY(F77), IF(AND(YEAR(E77)=$M$3,MONTH(E77)=$N$3),DAY(E77)-1,0))) -> 0 | Q77: =ROUNDDOWN(G77/$O$3*P77,-1) -> 0 | T77: =G77-Q77-S77+N77+L77 -> 1514500 | W77: =A77 -> 72 | X77: =B77 -> 한재승 | Y77: =ROUNDDOWN(T77*3%,-1) -> 45430 | Z77: =ROUNDDOWN(Y77*10%,-1) -> 4540 | AG77: =SUM(Y77:AF77) -> 49970 | AH77: =T77-AG77 -> 1464530 | AL77: 1352000 | AO77: 448500 | AQ77: 414000 | AR77: 960000 | AS77: 864000 | AT77: 444000 | AU77: 1254000 | AV77: 426000 | AW77: 822000
A78: =ROW()-5 -> 73 | B78: 김영신 | C78: 파트 | D78: =VLOOKUP(B78,파트!$C$5:$I$95,7,0) -> 000203-4185028 | G78: =VLOOKUP(B78,파트!$C$5:$H$69,6,0) -> 754000 | H78: 13000 | I78: =G78 -> 754000 | N78: =IF(OR(AI78="",AI78=0),0, IF(ISNUMBER(SEARCH("추가",AI78)), G78/$O$3*VALUE(SUBSTITUTE(SUBSTITUTE(TRIM(AI78)," ",""),"추가","")), 0)) -> 0 | O78: =G78/H78 -> 58 | P78: =IF(ISNUMBER(SEARCH("차감",AI78)), VALUE(SUBSTITUTE(SUBSTITUTE(SUBSTITUTE(TRIM(AI78)," ",""),"차감",""),"일","")), IF(AND(YEAR(F78)=$M$3,MONTH(F78)=$N$3),$O$3-DAY(F78), IF(AND(YEAR(E78)=$M$3,MONTH(E78)=$N$3),DAY(E78)-1,0))) -> 0 | Q78: =ROUNDDOWN(G78/$O$3*P78,-1) -> 0 | T78: =G78-Q78-S78+N78+L78 -> 754000 | W78: =A78 -> 73 | X78: =B78 -> 김영신 | Y78: =ROUNDDOWN(T78*3%,-1) -> 22620 | Z78: =ROUNDDOWN(Y78*10%,-1) -> 2260 | AG78: =SUM(Y78:AF78) -> 24880 | AH78: =T78-AG78 -> 729120 | AL78: 1722500 | AO78: 1053000 | AQ78: 396000 | AR78: 348000 | AS78: 726000 | AT78: 1344000 | AU78: 1314000 | AV78: 1878000 | AW78: 1440000
... A83: =ROW()-5 -> 78 | B83: 이현석 | C83: 파트 | D83: =VLOOKUP(B83,파트!$C$5:$I$95,7,0) -> 010217-3183118 | G83: =VLOOKUP(B83,파트!$C$5:$H$69,6,0) -> 1872000 | H83: 13000 | I83: =G83 -> 1872000 | N83: =IF(OR(AI83="",AI83=0),0, IF(ISNUMBER(SEARCH("추가",AI83)), G83/$O$3*VALUE(SUBSTITUTE(SUBSTITUTE(TRIM(AI83)," ",""),"추가","")), 0)) -> 0 | O83: =G83/H83 -> 144 | P83: =IF(ISNUMBER(SEARCH("차감",AI83)), VALUE(SUBSTITUTE(SUBSTITUTE(SUBSTITUTE(TRIM(AI83)," ",""),"차감",""),"일","")), IF(AND(YEAR(F83)=$M$3,MONTH(F83)=$N$3),$O$3-DAY(F83), IF(AND(YEAR(E83)=$M$3,MONTH(E83)=$N$3),DAY(E83)-1,0))) -> 0 | Q83: =ROUNDDOWN(G83/$O$3*P83,-1) -> 0 | T83: =G83-Q83-S83+N83+L83 -> 1872000 | W83: =A83 -> 78 | X83: =B83 -> 이현석 | Y83: =ROUNDDOWN(T83*3%,-1) -> 56160 | Z83: =ROUNDDOWN(Y83*10%,-1) -> 5610 | AG83: =SUM(Y83:AF83) -> 61770 | AH83: =T83-AG83 -> 1810230 | AL83: 676000 | AO83: 78000 | AQ83: 396000 | AR83: 1272000 | AS83: 1338000 | AT83: 762000 | AU83: 672000 | AV83: 420000 | AW83: 1194000
A84: 총 계 | G84: =SUM(INDIRECT("g5:g"&ROW()-1)) -> 181706880 | I84: =SUM(INDIRECT("I5:I"&ROW()-1)) -> 144547245 | J84: =SUM(INDIRECT("j5:j"&ROW()-1)) -> 29546421 | K84: =SUM(INDIRECT("K5:K"&ROW()-1)) -> 3987874 | L84: =SUM(INDIRECT("l5:l"&ROW()-1)) -> 0 | M84: =SUM(INDIRECT("m5:m"&ROW()-1)) -> 3625343 | N84: =SUM(INDIRECT("n5:n"&ROW()-1)) -> 4185483.9 | T84: =SUM(INDIRECT("t5:t"&ROW()-1)) -> 1.7791336e+08 | U84: =SUM(INDIRECT("K5:K"&ROW()-1)) -> 3987874 | Y84: =SUM(INDIRECT("y5:y"&ROW()-1)) -> 5792170 | Z84: =SUM(INDIRECT("z5:z"&ROW()-1)) -> 578940 | AA84: =SUM(INDIRECT("aa5:aa"&ROW()-1)) -> 3273390 | AB84: =SUM(INDIRECT("ab5:ab"&ROW()-1)) -> 4432010 | AC84: =SUM(INDIRECT("ac5:ac"&ROW()-1)) -> 582120 | AD84: =SUM(INDIRECT("ad5:ad"&ROW()-1)) -> 1091200 | AE84: =SUM(INDIRECT("ae5:ae"&ROW()-1)) -> 0 | AF84: =SUM(INDIRECT("af5:af"&ROW()-1)) -> 0 | AG84: =SUM(INDIRECT("ag5:ag"&ROW()-1)) -> 15749830 | AH84: =SUM(INDIRECT("ah5:ah"&ROW()-1)) -> 1.6216353e+08 | AV84: #N/A | AW84: #N/A
A85: 1 | B85: 2 | C85: 3 | D85: 4 | E85: 5 | G85: 6 | I85: =G85 -> 6 | J85: 9 | K85: 10 | L85: 11 | M85: 12 | N85: 13 | O85: 14 | P85: 15 | Q85: 16 | R85: 17 | S85: 18 | T85: 19 | U85: 20 | V85: 21 | W85: 22 | X85: 23 | Y85: 24 | Z85: 25 | AA85: 26 | AB85: 27 | AC85: 28 | AD85: 29 | AE85: 30 | AG85: 31 | AH85: 32 | AI85: 33 | AV85: #N/A | AW85: #N/A
AV86: #N/A
D88: 이은지 - 12.31.퇴사

Sheet 직원급여
A1: 쿠우쿠우 부평점(2026년 1월 직원급여지급내역)
A2: 연번 | B2: 사원명 | C2: 주민(외국인)번호 | D2: 은행 | E2: 계좌번호 | F2: 실지급액
A3: =ROW()-2 -> 1 | B3: =VLOOKUP(A3,임금대장!$A$3:$B$135,2,0) -> 박은규 | C3: =VLOOKUP(B3,'정직원 (2)'!$C$3:$F$77,4,0) -> 870923-1243215 | D3: =VLOOKUP(B3,'정직원 (2)'!$C$4:$H$77,5,0) -> 하나은행 | E3: =VLOOKUP(B3,'정직원 (2)'!$C$4:$H$77,6,0) -> 369-910552-11407 | F3: =VLOOKUP(B3,임금대장!$B$3:$AH$86,33,0) -> 3796784.8
A4: =ROW()-2 -> 2 | B4: =VLOOKUP(A4,임금대장!$A$3:$B$135,2,0) -> piao jing | C4: =VLOOKUP(B4,'정직원 (2)'!$C$3:$F$77,4,0) -> 830729-6100013 | D4: =VLOOKUP(B4,'정직원 (2)'!$C$4:$H$77,5,0) -> 0 | E4: =VLOOKUP(B4,'정직원 (2)'!$C$4:$H$77,6,0) -> 0 | F4: =VLOOKUP(B4,임금대장!$B$3:$AH$86,33,0) -> 3167313.5
A5: =ROW()-2 -> 3 | B5: =VLOOKUP(A5,임금대장!$A$6:$B$135,2,0) -> 박옥순 | C5: =VLOOKUP(B5,'정직원 (2)'!$C$3:$F$77,4,0) -> 630526-2252859 | D5: =VLOOKUP(B5,'정직원 (2)'!$C$4:$H$77,5,0) -> 새마을금고 | E5: =VLOOKUP(B5,'정직원 (2)'!$C$4:$H$77,6,0) -> 9002-1731-3280-5 | F5: =VLOOKUP(B5,임금대장!$B$3:$AH$86,33,0) -> 3070955.8
A6: =ROW()-2 -> 4 | B6: =VLOOKUP(A6,임금대장!$A$6:$B$135,2,0) -> 김성환 | C6: =VLOOKUP(B6,'정직원 (2)'!$C$3:$F$77,4,0) -> 970504-1019024 | D6: =VLOOKUP(B6,'정직원 (2)'!$C$4:$H$77,5,0) -> 농협 | E6: =VLOOKUP(B6,'정직원 (2)'!$C$4:$H$77,6,0) -> 356-0297-9622-53 | F6: =VLOOKUP(B6,임금대장!$B$3:$AH$86,33,0) -> 3244128.1 | L6: =VLOOKUP(B6,'정직원 (2)'!C4:O30,13,0) -> 0
A7: =ROW()-2 -> 5 | B7: =VLOOKUP(A7,임금대장!$A$6:$B$135,2,0) -> 강수정 | C7: =VLOOKUP(B7,'정직원 (2)'!$C$3:$F$77,4,0) -> 970726-2155815 | D7: =VLOOKUP(B7,'정직원 (2)'!$C$4:$H$77,5,0) -> 0 | E7: =VLOOKUP(B7,'정직원 (2)'!$C$4:$H$77,6,0) -> 0 | F7: =VLOOKUP(B7,임금대장!$B$3:$AH$86,33,0) -> 3173444.8
A8: =ROW()-2 -> 6 | B8: =VLOOKUP(A8,임금대장!$A$6:$B$135,2,0) -> 장준수 | C8: =VLOOKUP(B8,'정직원 (2)'!$C$3:$F$77,4,0) -> 890417-1709714 | D8: =VLOOKUP(B8,'정직원 (2)'!$C$4:$H$77,5,0) -> 0 | E8: =VLOOKUP(B8,'정직원 (2)'!$C$4:$H$77,6,0) -> 0 | F8: =VLOOKUP(B8,임금대장!$B$3:$AH$86,33,0) -> 3165124.8
A9: =ROW()-2 -> 7 | B9: =VLOOKUP(A9,임금대장!$A$6:$B$135,2,0) -> 강정애 | C9: =VLOOKUP(B9,'정직원 (2)'!$C$3:$F$77,4,0) -> 621005-6100899 | D9: =VLOOKUP(B9,'정직원 (2)'!$C$4:$H$77,5,0) -> 신한 | E9: =VLOOKUP(B9,'정직원 (2)'!$C$4:$H$77,6,0) -> 110-253-242081 | F9: =VLOOKUP(B9,임금대장!$B$3:$AH$86,33,0) -> 3070955.8
A10: =ROW()-2 -> 8 | B10: =VLOOKUP(A10,임금대장!$A$6:$B$135,2,0) -> 김금희 | C10: =VLOOKUP(B10,'정직원 (2)'!$C$3:$F$77,4,0) -> 700318-2018314 | D10: =VLOOKUP(B10,'정직원 (2)'!$C$4:$H$77,5,0) -> 0 | E10: =VLOOKUP(B10,'정직원 (2)'!$C$4:$H$77,6,0) -> 0 | F10: =VLOOKUP(B10,임금대장!$B$3:$AH$86,33,0) -> 2075946.8
A11: =ROW()-2 -> 9 | B11: =VLOOKUP(A11,임금대장!$A$6:$B$135,2,0) -> 서헌규 | C11: =VLOOKUP(B11,'정직원 (2)'!$C$3:$F$77,4,0) -> 921204-1748215 | D11: =VLOOKUP(B11,'정직원 (2)'!$C$4:$H$77,5,0) -> 0 | E11: =VLOOKUP(B11,'정직원 (2)'!$C$4:$H$77,6,0) -> 0 | F11: =VLOOKUP(B11,임금대장!$B$3:$AH$86,33,0) -> 3082126.1
A12: =ROW()-2 -> 10 | B12: =VLOOKUP(A12,임금대장!$A$6:$B$135,2,0) -> 김선월 | C12: =VLOOKUP(B12,'정직원 (2)'!$C$3:$F$77,4,0) -> 631004-6320198 | D12: =VLOOKUP(B12,'정직원 (2)'!$C$4:$H$77,5,0) -> 0 | E12: =VLOOKUP(B12,'정직원 (2)'!$C$4:$H$77,6,0) -> 0 | F12: =VLOOKUP(B12,임금대장!$B$3:$AH$86,33,0) -> 3101125.8
A13: =ROW()-2 -> 11 | B13: =VLOOKUP(A13,임금대장!$A$6:$B$135,2,0) -> 유용복 | C13: =VLOOKUP(B13,'정직원 (2)'!$C$3:$F$77,4,0) -> 880621-1065632 | D13: =VLOOKUP(B13,'정직원 (2)'!$C$4:$H$77,5,0) -> 0 | E13: =VLOOKUP(B13,'정직원 (2)'!$C$4:$H$77,6,0) -> 0 | F13: =VLOOKUP(B13,임금대장!$B$3:$AH$86,33,0) -> 3068558.7
A14: =ROW()-2 -> 12 | B14: =VLOOKUP(A14,임금대장!$A$6:$B$135,2,0) -> 안동화 | C14: =VLOOKUP(B14,'정직원 (2)'!$C$3:$F$77,4,0) -> 700928-6101893 | D14: =VLOOKUP(B14,'정직원 (2)'!$C$4:$H$77,5,0) -> 우리 | E14: =VLOOKUP(B14,'정직원 (2)'!$C$4:$H$77,6,0) -> 1002-946-342922 | F14: =VLOOKUP(B14,임금대장!$B$3:$AH$86,33,0) -> 3068558.7
A15: =ROW()-2 -> 13 | B15: =VLOOKUP(A15,임금대장!$A$6:$B$135,2,0) -> 최장현 | C15: =VLOOKUP(B15,'정직원 (2)'!$C$3:$F$77,4,0) -> 930114-1064818 | D15: =VLOOKUP(B15,'정직원 (2)'!$C$4:$H$77,5,0) -> 0 | E15: =VLOOKUP(B15,'정직원 (2)'!$C$4:$H$77,6,0) -> 0 | F15: =VLOOKUP(B15,임금대장!$B$3:$AH$86,33,0) -> 3490811
A16: =ROW()-2 -> 14 | B16: =VLOOKUP(A16,임금대장!$A$6:$B$135,2,0) -> 이준수 | C16: =VLOOKUP(B16,'정직원 (2)'!$C$3:$F$77,4,0) -> 991231-1152511 | D16: =VLOOKUP(B16,'정직원 (2)'!$C$4:$H$77,5,0) -> 0 | E16: =VLOOKUP(B16,'정직원 (2)'!$C$4:$H$77,6,0) -> 0 | F16: =VLOOKUP(B16,임금대장!$B$3:$AH$86,33,0) -> 3242834.8
A17: =ROW()-2 -> 15 | B17: =VLOOKUP(A17,임금대장!$A$6:$B$135,2,0) -> 이부순 | C17: =VLOOKUP(B17,'정직원 (2)'!$C$3:$F$77,4,0) -> 690917-2451117 | D17: =VLOOKUP(B17,'정직원 (2)'!$C$4:$H$77,5,0) -> 0 | E17: =VLOOKUP(B17,'정직원 (2)'!$C$4:$H$77,6,0) -> 0 | F17: =VLOOKUP(B17,임금대장!$B$3:$AH$86,33,0) -> 2985455.8
A18: =ROW()-2 -> 16 | B18: =VLOOKUP(A18,임금대장!$A$6:$B$135,2,0) -> 김예찬 | C18: =VLOOKUP(B18,'정직원 (2)'!$C$3:$F$77,4,0) -> 980825-1156317 | D18: =VLOOKUP(B18,'정직원 (2)'!$C$4:$H$77,5,0) -> 0 | E18: =VLOOKUP(B18,'정직원 (2)'!$C$4:$H$77,6,0) -> 0 | F18: =VLOOKUP(B18,임금대장!$B$3:$AH$86,33,0) -> 3156646.1
... A41: =ROW()-2 -> 39 | B41: =VLOOKUP(A41,임금대장!$A$6:$B$135,2,0) -> 남궁현 | C41: =VLOOKUP(B41,'정직원 (2)'!$C$3:$F$77,4,0) -> 880916-1063617 | D41: =VLOOKUP(B41,'정직원 (2)'!$C$4:$H$77,5,0) -> 0 | E41: =VLOOKUP(B41,'정직원 (2)'!$C$4:$H$77,6,0) -> 0 | F41: =VLOOKUP(B41,임금대장!$B$3:$AH$86,33,0) -> 1982560
A42: 파트타임
A43: =ROW()-3 -> 40 | B43: =VLOOKUP(A43,임금대장!$A$6:$B$135,2,0) -> 홍이준 | C43: =VLOOKUP(B43,파트!$C$5:$I$95,7,0) -> 030827-3033011 | D43: =VLOOKUP(B43,파트!$C$5:$F$52,3,0) -> 0 | E43: =VLOOKUP(B43,파트!$C$5:$F$52,4,0) -> 0 | F43: =VLOOKUP(B43,임금대장!$B$6:$AH$86,33,0) -> 1011980
A44: =ROW()-3 -> 41 | B44: =VLOOKUP(A44,임금대장!$A$6:$B$135,2,0) -> 박경찬 | C44: =VLOOKUP(B44,파트!$C$5:$I$95,7,0) -> 010321-3152616 | D44: =VLOOKUP(B44,파트!$C$5:$F$52,3,0) -> 0 | E44: =VLOOKUP(B44,파트!$C$5:$F$52,4,0) -> 0 | F44: =VLOOKUP(B44,임금대장!$B$6:$AH$86,33,0) -> 1055970
A45: =ROW()-3 -> 42 | B45: =VLOOKUP(A45,임금대장!$A$6:$B$135,2,0) -> 최예림 | C45: =VLOOKUP(B45,파트!$C$5:$I$95,7,0) -> 030710-4183811 | D45: =VLOOKUP(B45,파트!$C$5:$F$52,3,0) -> 0 | E45: =VLOOKUP(B45,파트!$C$5:$F$52,4,0) -> 0 | F45: =VLOOKUP(B45,임금대장!$B$6:$AH$86,33,0) -> 917690
A46: =ROW()-3 -> 43 | B46: =VLOOKUP(A46,임금대장!$A$6:$B$135,2,0) -> 박대순 | C46: =VLOOKUP(B46,파트!$C$5:$I$95,7,0) -> 001228-3157718 | D46: =VLOOKUP(B46,파트!$C$5:$F$52,3,0) -> 0 | E46: =VLOOKUP(B46,파트!$C$5:$F$52,4,0) -> 0 | F46: =VLOOKUP(B46,임금대장!$B$6:$AH$86,33,0) -> 2369640
A47: =ROW()-3 -> 44 | B47: =VLOOKUP(A47,임금대장!$A$6:$B$135,2,0) -> 김민준 | C47: =VLOOKUP(B47,파트!$C$5:$I$95,7,0) -> 070810-3154613 | D47: =VLOOKUP(B47,파트!$C$5:$F$52,3,0) -> 0 | E47: =VLOOKUP(B47,파트!$C$5:$F$52,4,0) -> 0 | F47: =VLOOKUP(B47,임금대장!$B$6:$AH$86,33,0) -> 1590240
A48: =ROW()-3 -> 45 | B48: =VLOOKUP(A48,임금대장!$A$6:$B$135,2,0) -> 방창배 | C48: =VLOOKUP(B48,파트!$C$5:$I$95,7,0) -> 030306-3156310 | D48: =VLOOKUP(B48,파트!$C$5:$F$52,3,0) -> 0 | E48: =VLOOKUP(B48,파트!$C$5:$F$52,4,0) -> 0 | F48: =VLOOKUP(B48,임금대장!$B$6:$AH$86,33,0) -> 2338210
A49: =ROW()-3 -> 46 | B49: =VLOOKUP(A49,임금대장!$A$6:$B$135,2,0) -> 주혜원 | C49: =VLOOKUP(B49,파트!$C$5:$I$95,7,0) -> 050722-4155113 | D49: =VLOOKUP(B49,파트!$C$5:$F$52,3,0) -> 0 | E49: =VLOOKUP(B49,파트!$C$5:$F$52,4,0) -> 0 | F49: =VLOOKUP(B49,임금대장!$B$6:$AH$86,33,0) -> 1709660
A50: =ROW()-3 -> 47 | B50: =VLOOKUP(A50,임금대장!$A$6:$B$135,2,0) -> 김철우 | C50: =VLOOKUP(B50,파트!$C$5:$I$95,7,0) -> 070111-3155018 | D50: =VLOOKUP(B50,파트!$C$5:$F$52,3,0) -> 0 | E50: =VLOOKUP(B50,파트!$C$5:$F$52,4,0) -> 0 | F50: =VLOOKUP(B50,임금대장!$B$6:$AH$86,33,0) -> 1665670
A51: =ROW()-3 -> 48 | B51: =VLOOKUP(A51,임금대장!$A$6:$B$135,2,0) -> 김수연 | C51: =VLOOKUP(B51,파트!$C$5:$I$95,7,0) -> 990817-2005918 | D51: =VLOOKUP(B51,파트!$C$5:$F$52,3,0) -> 0 | E51: =VLOOKUP(B51,파트!$C$5:$F$52,4,0) -> 0 | F51: =VLOOKUP(B51,임금대장!$B$6:$AH$86,33,0) -> 1458240
A52: =ROW()-3 -> 49 | B52: =VLOOKUP(A52,임금대장!$A$6:$B$135,2,0) -> 서진우 | C52: =VLOOKUP(B52,파트!$C$5:$I$95,7,0) -> 990927-1213821 | D52: =VLOOKUP(B52,파트!$C$5:$F$52,3,0) -> 0 | E52: =VLOOKUP(B52,파트!$C$5:$F$52,4,0) -> 0 | F52: =VLOOKUP(B52,임금대장!$B$6:$AH$86,33,0) -> 1992510
A53: =ROW()-3 -> 50 | B53: =VLOOKUP(A53,임금대장!$A$6:$B$135,2,0) -> 윤동현 | C53: =VLOOKUP(B53,파트!$C$5:$I$95,7,0) -> 020712-3155616 | D53: =VLOOKUP(B53,파트!$C$5:$F$52,3,0) -> 0 | E53: =VLOOKUP(B53,파트!$C$5:$F$52,4,0) -> 0 | F53: =VLOOKUP(B53,임금대장!$B$6:$AH$86,33,0) -> 396000
A54: =ROW()-3 -> 51 | B54: =VLOOKUP(A54,임금대장!$A$6:$B$135,2,0) -> 김정진 | C54: =VLOOKUP(B54,파트!$C$5:$I$95,7,0) -> 050215-3122818 | D54: =VLOOKUP(B54,파트!$C$5:$F$52,3,0) -> 0 | E54: =VLOOKUP(B54,파트!$C$5:$F$52,4,0) -> 0 | F54: =VLOOKUP(B54,임금대장!$B$6:$AH$86,33,0) -> 1697090
... A80: =ROW()-3 -> 77 | B80: =VLOOKUP(A80,임금대장!$A$6:$B$135,2,0) -> 백준희 | C80: =VLOOKUP(B80,파트!$C$5:$I$95,7,0) -> 040805-3185916 | D80: =VLOOKUP(B80,파트!$C$5:$F$52,3,0) -> 0 | E80: =VLOOKUP(B80,파트!$C$5:$F$52,4,0) -> 0 | F80: =VLOOKUP(B80,임금대장!$B$6:$AH$86,33,0) -> 678840
A81: 합계액 | F81: =SUM(INDIRECT("f3:f"&ROW()-1)) -> 1.603533e+08

Sheet 일용
A1: 부평점(2023년 3월 일용직)
A2: 연번 | B2: 사원명 | C2: 주민(외국인)번호 | D2: 지급액 | E2: 고용보험료 | F2: 가불 | G2: 실지급액 | H2: 산재보험료 | I2: 근무일
A3: =ROW()-2 -> 1 | B3: gui xiang | C3: 820206-6101592 | D3: 125000 | E3: =ROUNDDOWN(D3*0.9%,-1) -> 1120 | G3: =D3-E3-F3 -> 123880 | H3: =ROUND(D3*1.06%,-1) -> 1330 | I3: =IF(D3<130000,1,IF(D3<220000,2,IF(D3<350000,3,IF(D3<450000,4,IF(D3<660000,5,IF(D3<770000,6,7)))))) -> 1
A4: =ROW()-2 -> 2 | B4: piao shunji | C4: 561120-6140014 | D4: 250000 | E4: =ROUNDDOWN(D4*0.9%,-1) -> 2250 | G4: =D4-E4-F4 -> 247750 | H4: =ROUND(D4*1.06%,-1) -> 2650 | I4: =IF(D4<130000,1,IF(D4<220000,2,IF(D4<350000,3,IF(D4<450000,4,IF(D4<660000,5,IF(D4<770000,6,7)))))) -> 3
A5: =ROW()-2 -> 3 | B5: ZHAO LEI | C5: 831114-5120023 | D5: 180000 | E5: =ROUNDDOWN(D5*0.9%,-1) -> 1620 | G5: =D5-E5-F5 -> 178380 | H5: =ROUND(D5*1.06%,-1) -> 1910 | I5: =IF(D5<130000,1,IF(D5<220000,2,IF(D5<350000,3,IF(D5<450000,4,IF(D5<660000,5,IF(D5<770000,6,7)))))) -> 2
A6: =ROW()-2 -> 4 | B6: 강경숙 | C6: 600303-2524738 | D6: 135000 | E6: =ROUNDDOWN(D6*0.9%,-1) -> 1210 | G6: =D6-E6-F6 -> 133790 | H6: =ROUND(D6*1.06%,-1) -> 1430 | I6: =IF(D6<130000,1,IF(D6<220000,2,IF(D6<350000,3,IF(D6<450000,4,IF(D6<660000,5,IF(D6<770000,6,7)))))) -> 2
A7: =ROW()-2 -> 5 | B7: 김경미 | C7: 620825-2463014 | D7: 125000 | E7: =ROUNDDOWN(D7*0.9%,-1) -> 1120 | G7: =D7-E7-F7 -> 123880 | H7: =ROUND(D7*1.06%,-1) -> 1330 | I7: =IF(D7<130000,1,IF(D7<220000,2,IF(D7<350000,3,IF(D7<450000,4,IF(D7<660000,5,IF(D7<770000,6,7)))))) -> 1
A8: =ROW()-2 -> 6 | B8: 김도현 | C8: 000107-3156011 | D8: 650000 | E8: =ROUNDDOWN(D8*0.9%,-1) -> 5850 | G8: =D8-E8-F8 -> 644150 | H8: =ROUND(D8*1.06%,-1) -> 6890 | I8: =IF(D8<130000,1,IF(D8<220000,2,IF(D8<350000,3,IF(D8<450000,4,IF(D8<660000,5,IF(D8<770000,6,7)))))) -> 5
A9: =ROW()-2 -> 7 | B9: 김예원 | C9: 021209-4065823 | D9: 650000 | E9: =ROUNDDOWN(D9*0.9%,-1) -> 5850 | G9: =D9-E9-F9 -> 644150 | H9: =ROUND(D9*1.06%,-1) -> 6890 | I9: =IF(D9<130000,1,IF(D9<220000,2,IF(D9<350000,3,IF(D9<450000,4,IF(D9<660000,5,IF(D9<770000,6,7)))))) -> 5
A10: =ROW()-2 -> 8 | B10: 김태웅 | C10: 990819-1158811 | D10: 60000 | E10: =ROUNDDOWN(D10*0.9%,-1) -> 540 | G10: =D10-E10-F10 -> 59460 | H10: =ROUND(D10*1.06%,-1) -> 640 | I10: =IF(D10<130000,1,IF(D10<220000,2,IF(D10<350000,3,IF(D10<450000,4,IF(D10<660000,5,IF(D10<770000,6,7)))))) -> 1
A11: =ROW()-2 -> 9 | B11: 박여진 | C11: 000106-4149815 | D11: 890000 | E11: =ROUNDDOWN(D11*0.9%,-1) -> 8010 | G11: =D11-E11-F11 -> 881990 | H11: =ROUND(D11*1.06%,-1) -> 9430 | I11: =IF(D11<130000,1,IF(D11<220000,2,IF(D11<350000,3,IF(D11<450000,4,IF(D11<660000,5,IF(D11<770000,6,7)))))) -> 7
A12: =ROW()-2 -> 10 | B12: 박옥순 | C12: 630525-2252859 | D12: 625000 | E12: =ROUNDDOWN(D12*0.9%,-1) -> 5620 | G12: =D12-E12-F12 -> 619380 | H12: =ROUND(D12*1.06%,-1) -> 6630 | I12: =IF(D12<130000,1,IF(D12<220000,2,IF(D12<350000,3,IF(D12<450000,4,IF(D12<660000,5,IF(D12<770000,6,7)))))) -> 5
A13: =ROW()-2 -> 11 | B13: 박준서 | C13: 031209-3152515 | D13: 910000 | E13: =ROUNDDOWN(D13*0.9%,-1) -> 8190 | G13: =D13-E13-F13 -> 901810 | H13: =ROUND(D13*1.06%,-1) -> 9650 | I13: =IF(D13<130000,1,IF(D13<220000,2,IF(D13<350000,3,IF(D13<450000,4,IF(D13<660000,5,IF(D13<770000,6,7)))))) -> 7
A14: =ROW()-2 -> 12 | B14: 복기문 | C14: 931206-1020811 | D14: 720000 | E14: =ROUNDDOWN(D14*0.9%,-1) -> 6480 | G14: =D14-E14-F14 -> 713520 | H14: =ROUND(D14*1.06%,-1) -> 7630 | I14: =IF(D14<130000,1,IF(D14<220000,2,IF(D14<350000,3,IF(D14<450000,4,IF(D14<660000,5,IF(D14<770000,6,7)))))) -> 6
... A28: =ROW()-2 -> 26 | B28: 탁서운 | C28: 531107-2469312 | D28: 1155000 | E28: =ROUNDDOWN(D28*0.9%,-1) -> 10390 | G28: =D28-E28-F28 -> 1144610 | H28: =ROUND(D28*1.06%,-1) -> 12240 | I28: =IF(D28<130000,1,IF(D28<220000,2,IF(D28<350000,3,IF(D28<450000,4,IF(D28<660000,5,IF(D28<770000,6,7)))))) -> 7
A53: 합계 | D53: =SUM(D3:D52) -> 8865000 | E53: =SUM(E3:E52) -> 79740 | F53: =SUM(F3:F52) -> 0 | G53: =SUM(G3:G52) -> 8785260 | H53: =SUM(H3:H52) -> 93990

Sheet 사업소득지급대장
A1: 2024년 7월 사업소득지급대장
A2: <쿠우쿠우 부평점>
A3: 번호 | B3: 이름 | C3: 주민번호 | D3: 소득총액 | E3: 공 제 내 역 | H3: 공제액계 | I3: 실지급액
E4: 소득세 | F4: 주민세 | G4: 기지급
A5: =ROW()-4 -> 1 | B5: 홍이준 | C5: 030827-3033011 | D5: 1662000 | E5: =ROUNDDOWN(D5*3%,-1) -> 49860 | F5: =ROUNDDOWN(E5*10%,-1) -> 4980 | H5: =SUM(E5:G5) -> 54840 | I5: =D5-H5 -> 1607160
A6: =ROW()-4 -> 2 | B6: 박경찬 | C6: 010321-3152616 | D6: 1506000 | E6: =ROUNDDOWN(D6*3%,-1) -> 45180 | F6: =ROUNDDOWN(E6*10%,-1) -> 4510 | H6: =SUM(E6:G6) -> 49690 | I6: =D6-H6 -> 1456310
A7: =ROW()-4 -> 3 | B7: 양혜진 | C7: 010913-4150118 | D7: 1638000 | E7: =ROUNDDOWN(D7*3%,-1) -> 49140 | F7: =ROUNDDOWN(E7*10%,-1) -> 4910 | H7: =SUM(E7:G7) -> 54050 | I7: =D7-H7 -> 1583950
A8: =ROW()-4 -> 4 | B8: 정우진 | C8: 000731-4113431 | D8: 1692000 | E8: =ROUNDDOWN(D8*3%,-1) -> 50760 | F8: =ROUNDDOWN(E8*10%,-1) -> 5070 | H8: =SUM(E8:G8) -> 55830 | I8: =D8-H8 -> 1636170
A9: =ROW()-4 -> 5 | B9: 이규동 | C9: 001204-3126211 | D9: 1518000 | E9: =ROUNDDOWN(D9*3%,-1) -> 45540 | F9: =ROUNDDOWN(E9*10%,-1) -> 4550 | H9: =SUM(E9:G9) -> 50090 | I9: =D9-H9 -> 1467910
A10: =ROW()-4 -> 6 | B10: 박대순 | C10: 001228-3157718 | D10: 1902000 | E10: =ROUNDDOWN(D10*3%,-1) -> 57060 | F10: =ROUNDDOWN(E10*10%,-1) -> 5700 | H10: =SUM(E10:G10) -> 62760 | I10: =D10-H10 -> 1839240
A11: =ROW()-4 -> 7 | B11: 주혜원 | C11: 050722-4155113 | D11: 2082000 | E11: =ROUNDDOWN(D11*3%,-1) -> 62460 | F11: =ROUNDDOWN(E11*10%,-1) -> 6240 | H11: =SUM(E11:G11) -> 68700 | I11: =D11-H11 -> 2013300
A12: =ROW()-4 -> 8 | B12: 손민서 | C12: 041020-4154611 | D12: 1344000 | E12: =ROUNDDOWN(D12*3%,-1) -> 40320 | F12: =ROUNDDOWN(E12*10%,-1) -> 4030 | H12: =SUM(E12:G12) -> 44350 | I12: =D12-H12 -> 1299650
A13: =ROW()-4 -> 9 | B13: 김수연 | C13: 060512-4085214 | D13: 1206000 | E13: =ROUNDDOWN(D13*3%,-1) -> 36180 | F13: =ROUNDDOWN(E13*10%,-1) -> 3610 | H13: =SUM(E13:G13) -> 39790 | I13: =D13-H13 -> 1166210
A14: =ROW()-4 -> 10 | B14: 이태건 | C14: 050511-3155821 | D14: 1482000 | E14: =ROUNDDOWN(D14*3%,-1) -> 44460 | F14: =ROUNDDOWN(E14*10%,-1) -> 4440 | H14: =SUM(E14:G14) -> 48900 | I14: =D14-H14 -> 1433100
A15: =ROW()-4 -> 11 | B15: 이다온 | C15: 040501-4156419 | D15: 1644000 | E15: =ROUNDDOWN(D15*3%,-1) -> 49320 | F15: =ROUNDDOWN(E15*10%,-1) -> 4930 | H15: =SUM(E15:G15) -> 54250 | I15: =D15-H15 -> 1589750
A16: =ROW()-4 -> 12 | B16: 강준은 | C16: 040612-3184329 | D16: 1008000 | E16: =ROUNDDOWN(D16*3%,-1) -> 30240 | F16: =ROUNDDOWN(E16*10%,-1) -> 3020 | H16: =SUM(E16:G16) -> 33260 | I16: =D16-H16 -> 974740
... A26: =ROW()-4 -> 22 | B26: 박혜영 | C26: 871025-2187811 | D26: 1422000 | E26: =ROUNDDOWN(D26*3%,-1) -> 42660 | F26: =ROUNDDOWN(E26*10%,-1) -> 4260 | H26: =SUM(E26:G26) -> 46920 | I26: =D26-H26 -> 1375080
A27: 총 계 | D27: =SUM(D5:D26) -> 30468000 | E27: =SUM(E5:E26) -> 914040 | F27: =SUM(F5:F26) -> 91310 | G27: =SUM(G5:G26) -> 0 | H27: =SUM(H5:H26) -> 1005350 | I27: =SUM(I5:I26) -> 29462650

Sheet 명세서
A1: [ 2026년 1월 ]급여 명세서
A2: 직 위/부 서 | D2: 성 명 | F2: 당월 근무일 | I2: 휴무 추가/공제 내역
A3: =VLOOKUP(K3,임금대장!$A$3:$AH$86,3,0) -> 초다이 | D3: =VLOOKUP(K3,임금대장!$A$3:$AH$86,2,0) -> 박은규 | F3: =임금대장!$O$3 -> 31 | I3: =VLOOKUP(K3,임금대장!$A$3:$AH$86,16,0) -> 0 | K3: 1
A4: 월책정급여 | C4: 입사일 | D4: =VLOOKUP($K3,임금대장!$A$3:$AH$86,5,0) -> 44593 | F4: 출근일수 | G4: =VLOOKUP(K3,임금대장!$A$3:$AH$86,15,0) -> 31 | I4: 공제액 | J4: =VLOOKUP(K3,임금대장!$A$3:$AH$86,17,0) -> 0
A5: =VLOOKUP($K3,임금대장!$A$3:$AH$86,7,0) -> 4300000 | F5: 공제일수 | G5: =VLOOKUP(K3,임금대장!$A$3:$AH$86,16,0) -> 0
A7: 지급사항 | B7: 기본급 | C7: =VLOOKUP($K3,임금대장!$A$3:$AH$86,9,0) -> 3088316
B8: 연장근로 (고정) | C8: =VLOOKUP($K3,임금대장!$A$3:$AH$86,10,0) -> 963436
B9: 연장근로(주말) | C9: =VLOOKUP($K3,임금대장!$A$3:$AH$86,11,0) -> 130035
B10: 추가수당(휴일등) | C10: =VLOOKUP($K3,임금대장!$A$3:$AH$86,12,0) -> 0
B11: 연차수당 | C11: =VLOOKUP($K3,임금대장!$A$3:$AH$86,13,0) -> 118213
B12: 추가수당 | C12: =VLOOKUP($K3,임금대장!$A$3:$AH$86,14,0) -> 69354.839
AF14: =-241760-328370-32770 -> -602900
I15: 지 급 총 액 | J15: =SUM(C7:H13) -> 4369354.8
A16: 공제사항 | B16: 소 득 세 | C16: =VLOOKUP($K3,임금대장!$A$3:$AH$86,25,0) -> 132410 | F16: 시간공제 | H16: =VLOOKUP($K3,임금대장!$A$3:$AH$86,19,0) -> 0
B17: 지 방 소 득 세 | C17: =VLOOKUP($K3,임금대장!$A$3:$AH$86,26,0) -> 13240 | F17: 휴무공제 | H17: =VLOOKUP($K3,임금대장!$A$3:$AH$86,17,0) -> 0
B18: 국 민 연 금 | C18: =VLOOKUP($K3,임금대장!$A$3:$AH$86,27,0) -> 209900 | F18: 기 지 급 액 | H18: =VLOOKUP($K3,임금대장!$A$3:$AH$86,31,0) -> 0
B19: 건 강 보 험 | C19: =VLOOKUP($K3,임금대장!$A$3:$AH$86,28,0) -> 157070 | F19: 고 용 보 험 | H19: =VLOOKUP($K3,임금대장!$A$3:$AH$86,30,0) -> 39320
B20: 장기요양보험 | C20: =VLOOKUP($K3,임금대장!$A$3:$AH$86,29,0) -> 20630 | F20: 퇴 직 정 산 | H20: =VLOOKUP($K3,임금대장!$A$3:$AH$86,32,0) -> 0 | I20: 공 제 총 액 | J20: =SUM(C16:H21) -> 572570
I21: 실 수 령 액 | J21: =J15-J20 -> 3796784.8
A22: 귀하의 노고에 감사드립니다. | J22: <쿠우쿠우 부평점>
A24: [ 2026년 1월 ]급여 명세서
A25: 직 위/부 서 | D25: 성 명 | F25: 당월 근무일 | I25: 휴무 추가/공제 내역
A26: =VLOOKUP(K26,임금대장!$A$3:$AH$86,3,0) -> 롤 | D26: =VLOOKUP(K26,임금대장!$A$3:$AH$86,2,0) -> piao jing | F26: =임금대장!$O$3 -> 31 | I26: =VLOOKUP(K26,임금대장!$A$3:$AH$86,16,0) -> 0 | K26: 2
A27: 월책정급여 | C27: 입사일 | D27: =VLOOKUP($K26,임금대장!$A$3:$AH$86,5,0) -> 44743 | F27: 출근일수 | G27: =VLOOKUP(K26,임금대장!$A$3:$AH$86,15,0) -> 31 | I27: 공제액 | J27: =VLOOKUP(K26,임금대장!$A$3:$AH$86,17,0) -> 0
A28: =VLOOKUP($K26,임금대장!$A$3:$AH$86,7,0) -> 3400000 | F28: 공제일수 | G28: =VLOOKUP(K26,임금대장!$A$3:$AH$86,16,0) -> 0
A30: 지급사항 | B30: 기본급 | C30: =VLOOKUP($K26,임금대장!$A$3:$AH$86,9,0) -> 2441924
B31: 연장근로 (고정) | C31: =VLOOKUP($K26,임금대장!$A$3:$AH$86,10,0) -> 761787
B32: 연장근로(주말) | C32: =VLOOKUP($K26,임금대장!$A$3:$AH$86,11,0) -> 102818
B33: 추가수당(휴일등) | C33: =VLOOKUP($K26,임금대장!$A$3:$AH$86,12,0) -> 0
B34: 연차수당 | C34: =VLOOKUP($K26,임금대장!$A$3:$AH$86,13,0) -> 93471
B35: 추가수당 | C35: =VLOOKUP($K26,임금대장!$A$3:$AH$86,14,0) -> 274193.55
I38: 지 급 총 액 | J38: =SUM(C30:H36) -> 3674193.5
A39: 공제사항 | B39: 소 득 세 | C39: =VLOOKUP($K26,임금대장!$A$3:$AH$86,25,0) -> 144330 | F39: 시간공제 | H39: =VLOOKUP($K26,임금대장!$A$3:$AH$86,19,0) -> 0
B40: 지 방 소 득 세 | C40: =VLOOKUP($K26,임금대장!$A$3:$AH$86,26,0) -> 14430 | F40: 휴무공제 | H40: =VLOOKUP($K26,임금대장!$A$3:$AH$86,17,0) -> 0
B41: 국 민 연 금 | C41: =VLOOKUP($K26,임금대장!$A$3:$AH$86,27,0) -> 165630 | F41: 기 지 급 액 | H41: =VLOOKUP($K26,임금대장!$A$3:$AH$86,31,0) -> 0
B42: 건 강 보 험 | C42: =VLOOKUP($K26,임금대장!$A$3:$AH$86,28,0) -> 132080 | F42: 고 용 보 험 | H42: =VLOOKUP($K26,임금대장!$A$3:$AH$86,30,0) -> 33060
B43: 장기요양보험 | C43: =VLOOKUP($K26,임금대장!$A$3:$AH$86,29,0) -> 17350 | F43: 국민연금정산 | H43: =VLOOKUP($K26,임금대장!$A$3:$AH$86,32,0) -> 0 | I43: 공 제 총 액 | J43: =SUM(C39:H44) -> 506880
I44: 실 수 령 액 | J44: =J38-J43 -> 3167313.5
A45: 귀하의 노고에 감사드립니다. | J45: <쿠우쿠우 부평점>
A47: [ 2026년 1월 ]급여 명세서
A48: 직 위/부 서 | D48: 성 명 | F48: 당월 근무일 | I48: 휴무 추가/공제 내역
A49: =VLOOKUP(K49,임금대장!$A$3:$AH$86,3,0) -> 0 | D49: =VLOOKUP(K49,임금대장!$A$3:$AH$86,2,0) -> 박옥순 | F49: =임금대장!$O$3 -> 31 | I49: =VLOOKUP(K49,임금대장!$A$3:$AH$86,16,0) -> 0 | K49: 3
A50: 월책정급여 | C50: 입사일 | D50: =VLOOKUP($K49,임금대장!$A$3:$AH$86,5,0) -> 45012 | F50: 출근일수 | G50: =VLOOKUP(K49,임금대장!$A$3:$AH$86,15,0) -> 31 | I50: 공제액 | J50: =VLOOKUP(K49,임금대장!$A$3:$AH$86,17,0) -> 0
A51: =VLOOKUP($K49,임금대장!$A$3:$AH$86,7,0) -> 3300000 | F51: 공제일수 | G51: =VLOOKUP(K49,임금대장!$A$3:$AH$86,16,0) -> 0
A53: 지급사항 | B53: 기본급 | C53: =VLOOKUP($K49,임금대장!$A$3:$AH$86,9,0) -> 2370103
B54: 연장근로 (고정) | C54: =VLOOKUP($K49,임금대장!$A$3:$AH$86,10,0) -> 739381
B55: 연장근로(주말) | C55: =VLOOKUP($K49,임금대장!$A$3:$AH$86,11,0) -> 99794
B56: 추가수당(휴일등) | C56: =VLOOKUP($K49,임금대장!$A$3:$AH$86,12,0) -> 0
B57: 연차수당 | C57: =VLOOKUP($K49,임금대장!$A$3:$AH$86,13,0) -> 90722
B58: 추가수당 | C58: =VLOOKUP($K49,임금대장!$A$3:$AH$86,14,0) -> 53225.806
I61: 지 급 총 액 | J61: =SUM(C53:H59) -> 3353225.8
A62: 공제사항 | B62: 소 득 세 | C62: =VLOOKUP($K49,임금대장!$A$3:$AH$86,25,0) -> 105210 | F62: 시간공제 | H62: =VLOOKUP($K49,임금대장!$A$3:$AH$86,19,0) -> 0
B63: 지 방 소 득 세 | C63: =VLOOKUP($K49,임금대장!$A$3:$AH$86,26,0) -> 10520 | F63: 휴무공제 | H63: =VLOOKUP($K49,임금대장!$A$3:$AH$86,17,0) -> 0
B64: 국 민 연 금 | C64: =VLOOKUP($K49,임금대장!$A$3:$AH$86,27,0) -> 0 | F64: 기 지 급 액 | H64: =VLOOKUP($K49,임금대장!$A$3:$AH$86,31,0) -> 0
B65: 건 강 보 험 | C65: =VLOOKUP($K49,임금대장!$A$3:$AH$86,28,0) -> 120540 | F65: 고 용 보 험 | H65: =VLOOKUP($K49,임금대장!$A$3:$AH$86,30,0) -> 30170
B66: 장기요양보험 | C66: =VLOOKUP($K49,임금대장!$A$3:$AH$86,29,0) -> 15830 | F66: 국민연금정산 | H66: =VLOOKUP($K49,임금대장!$A$3:$AH$86,32,0) -> 0 | I66: 공 제 총 액 | J66: =SUM(C62:H67) -> 282270
I67: 실 수 령 액 | J67: =J61-J66 -> 3070955.8
A68: 귀하의 노고에 감사드립니다. | J68: <쿠우쿠우 부평점>
A70: [ 2026년 1월 ]급여 명세서
A71: 직 위/부 서 | D71: 성 명 | F71: 당월 근무일 | I71: 휴무 추가/공제 내역
A72: =VLOOKUP(K72,임금대장!$A$3:$AH$86,3,0) -> 핫 | D72: =VLOOKUP(K72,임금대장!$A$3:$AH$86,2,0) -> 김성환 | F72: =임금대장!$O$3 -> 31 | I72: =VLOOKUP(K72,임금대장!$A$3:$AH$86,16,0) -> 0 | K72: 4
A73: 월책정급여 | C73: 입사일 | D73: =VLOOKUP($K72,임금대장!$A$3:$AH$86,5,0) -> 45278 | F73: 출근일수 | G73: =VLOOKUP(K72,임금대장!$A$3:$AH$86,15,0) -> 31 | I73: 공제액 | J73: =VLOOKUP(K72,임금대장!$A$3:$AH$86,17,0) -> 0
A74: =VLOOKUP($K72,임금대장!$A$3:$AH$86,7,0) -> 3500000 | F74: 공제일수 | G74: =VLOOKUP(K72,임금대장!$A$3:$AH$86,16,0) -> 0
A76: 지급사항 | B76: 기본급 | C76: =VLOOKUP($K72,임금대장!$A$3:$AH$86,9,0) -> 2513745
B77: 연장근로 (고정) | C77: =VLOOKUP($K72,임금대장!$A$3:$AH$86,10,0) -> 784193
B78: 연장근로(주말) | C78: =VLOOKUP($K72,임금대장!$A$3:$AH$86,11,0) -> 105842
B79: 추가수당(휴일등) | C79: =VLOOKUP($K72,임금대장!$A$3:$AH$86,12,0) -> 0
B80: 연차수당 | C80: =VLOOKUP($K72,임금대장!$A$3:$AH$86,13,0) -> 96220
B81: 추가수당 | C81: =VLOOKUP($K72,임금대장!$A$3:$AH$86,14,0) -> 282258.06
I84: 지 급 총 액 | J84: =SUM(C76:H82) -> 3782258.1
A85: 공제사항 | B85: 소 득 세 | C85: =VLOOKUP($K72,임금대장!$A$3:$AH$86,25,0) -> 163920 | F85: 시간공제 | H85: =VLOOKUP($K72,임금대장!$A$3:$AH$86,19,0) -> 0
B86: 지 방 소 득 세 | C86: =VLOOKUP($K72,임금대장!$A$3:$AH$86,26,0) -> 16390 | F86: 휴무공제 | H86: =VLOOKUP($K72,임금대장!$A$3:$AH$86,17,0) -> 0
B87: 국 민 연 금 | C87: =VLOOKUP($K72,임금대장!$A$3:$AH$86,27,0) -> 169950 | F87: 기 지 급 액 | H87: =VLOOKUP($K72,임금대장!$A$3:$AH$86,31,0) -> 0
B88: 건 강 보 험 | C88: =VLOOKUP($K72,임금대장!$A$3:$AH$86,28,0) -> 135970 | F88: 고 용 보 험 | H88: =VLOOKUP($K72,임금대장!$A$3:$AH$86,30,0) -> 34040
B89: 장기요양보험 | C89: =VLOOKUP($K72,임금대장!$A$3:$AH$86,29,0) -> 17860 | F89: 국민연금정산 | H89: =VLOOKUP($K72,임금대장!$A$3:$AH$86,32,0) -> 0 | I89: 공 제 총 액 | J89: =SUM(C85:H90) -> 538130
I90: 실 수 령 액 | J90: =J84-J89 -> 3244128.1
A91: 귀하의 노고에 감사드립니다. | J91: <쿠우쿠우 부평점>
A93: [ 2026년 1월 ]급여 명세서
A94: 직 위/부 서 | D94: 성 명 | F94: 당월 근무일 | I94: 휴무 추가/공제 내역
A95: =VLOOKUP(K95,임금대장!$A$3:$AH$86,3,0) -> 핫 | D95: =VLOOKUP(K95,임금대장!$A$3:$AH$86,2,0) -> 강수정 | F95: =임금대장!$O$3 -> 31 | I95: =VLOOKUP(K95,임금대장!$A$3:$AH$86,16,0) -> 0 | K95: 5
A96: 월책정급여 | C96: 입사일 | D96: =VLOOKUP($K95,임금대장!$A$3:$AH$86,5,0) -> 45369 | F96: 출근일수 | G96: =VLOOKUP(K95,임금대장!$A$3:$AH$86,15,0) -> 31 | I96: 공제액 | J96: =VLOOKUP(K95,임금대장!$A$3:$AH$86,17,0) -> 0
A97: =VLOOKUP($K95,임금대장!$A$3:$AH$86,7,0) -> 3500000 | F97: 공제일수 | G97: =VLOOKUP(K95,임금대장!$A$3:$AH$86,16,0) -> 0
A99: 지급사항 | B99: 기본급 | C99: =VLOOKUP($K95,임금대장!$A$3:$AH$86,9,0) -> 2513745
B100: 연장근로 (고정) | C100: =VLOOKUP($K95,임금대장!$A$3:$AH$86,10,0) -> 784193
B101: 연장근로(주말) | C101: =VLOOKUP($K95,임금대장!$A$3:$AH$86,11,0) -> 105842
B102: 추가수당(휴일등) | C102: =VLOOKUP($K95,임금대장!$A$3:$AH$86,12,0) -> 0
B103: 연차수당 | C103: =VLOOKUP($K95,임금대장!$A$3:$AH$86,13,0) -> 96220
B104: 추가수당 | C104: =VLOOKUP($K95,임금대장!$A$3:$AH$86,14,0) -> 169354.84
I107: 지 급 총 액 | J107: =SUM(C99:H105) -> 3669354.8
A108: 공제사항 | B108: 소 득 세 | C108: =VLOOKUP($K95,임금대장!$A$3:$AH$86,25,0) -> 144330 | F108: 시간공제 | H108: =VLOOKUP($K95,임금대장!$A$3:$AH$86,19,0) -> 0
B109: 지 방 소 득 세 | C109: =VLOOKUP($K95,임금대장!$A$3:$AH$86,26,0) -> 14430 | F109: 휴무공제 | H109: =VLOOKUP($K95,임금대장!$A$3:$AH$86,17,0) -> 0
B110: 국 민 연 금 | C110: =VLOOKUP($K95,임금대장!$A$3:$AH$86,27,0) -> 154890 | F110: 기 지 급 액 | H110: =VLOOKUP($K95,임금대장!$A$3:$AH$86,31,0) -> 0
B111: 건 강 보 험 | C111: =VLOOKUP($K95,임금대장!$A$3:$AH$86,28,0) -> 131910 | F111: 고 용 보 험 | H111: =VLOOKUP($K95,임금대장!$A$3:$AH$86,30,0) -> 33020
B112: 장기요양보험 | C112: =VLOOKUP($K95,임금대장!$A$3:$AH$86,29,0) -> 17330 | F112: 퇴 직 정 산 | H112: =VLOOKUP($K95,임금대장!$A$3:$AH$86,32,0) -> 0 | I112: 공 제 총 액 | J112: =SUM(C108:H113) -> 495910
I113: 실 수 령 액 | J113: =J107-J112 -> 3173444.8
A114: 귀하의 노고에 감사드립니다. | J114: <쿠우쿠우 부평점>
A116: [ 2026년 1월 ]급여 명세서
A117: 직 위/부 서 | D117: 성 명 | F117: 당월 근무일 | I117: 휴무 추가/공제 내역
A118: =VLOOKUP(K118,임금대장!$A$3:$AH$86,3,0) -> 홀 | D118: =VLOOKUP(K118,임금대장!$A$3:$AH$86,2,0) -> 장준수 | F118: =임금대장!$O$3 -> 31 | I118: =VLOOKUP(K118,임금대장!$A$3:$AH$86,16,0) -> 0 | K118: 6
A119: 월책정급여 | C119: 입사일 | D119: =VLOOKUP($K118,임금대장!$A$3:$AH$86,5,0) -> 45355 | F119: 출근일수 | G119: =VLOOKUP(K118,임금대장!$A$3:$AH$86,15,0) -> 31 | I119: 공제액 | J119: =VLOOKUP(K118,임금대장!$A$3:$AH$86,17,0) -> 0
...

Sheet 임금대장(파트)
A1: 2020년 1월 지급내역 | W1: 2020년 1월 공제내역
A3: <쿠우쿠우 부평점> | H3: 31 | O3: 31 | W3: <쿠우쿠우 부평점>
A4: 번호 | B4: 이름 | C4: 파트 | D4: 주민등록번호 | E4: 입사일 | F4: 퇴사일 | G4: 계약임금 | H4: 시급 | I4: 지 급 내 역 | O4: 근무일 | P4: 휴무 | Q4: 휴무공제 | R4: 차감시간 | S4: 시간공제 | T4: 임금총액 | W4: 번호 | X4: 이름 | Y4: 공 제 내 역 | AF4: 공제액계 | AG4: 실지급액 | AH4: 은행 | AI4: 계좌번호
I5: 기본급 | J5: 연장근로 (고정) | K5: 연장근로 (주말) | L5: 야간근로 | M5: 연차수당 | N5: 추가수당 | U5: 소득금액 | V5: 가족수 | Y5: 소득세 | Z5: 주민세 | AA5: 국민연금 | AB5: 건강보험 | AC5: 장기요양보험 | AD5: 고용보험료 | AE5: 가불공제
A6: =ROW()-5 -> 1 | B6: 고순호 | C6: 파트타임 | D6: 000630-3157313 | E6: 일용 | F6: 0 | H6: 8590 | I6: 61100 | O6: =$O$3-P6 -> 31 | T6: =I6-Q6-S6+N6 -> 61100 | U6: 500000 | V6: 1 | W6: =A6 -> 1 | X6: =B6 -> 고순호 | Y6: =IF(T6<800000,0,(VLOOKUP(T6,'세액표(1202)'!A:L,V6+1))) -> 0 | Z6: =ROUNDDOWN(Y6*10%,-1) -> 0 | AE6: 61100 | AF6: =SUM(Y6:AE6) -> 61100 | AG6: =T6-AF6 -> 0 | AH6: 국민은행 | AI6: 910602-01-175732
A7: =ROW()-5 -> 2 | B7: 김나현 | C7: 파트타임 | D7: 001120-4155017 | E7: 일용 | F7: 0 | H7: 8590 | I7: 37600 | O7: =$O$3-P7 -> 31 | T7: =I7-Q7-S7+N7 -> 37600 | U7: 500000 | V7: 1 | W7: =A7 -> 2 | X7: =B7 -> 김나현 | Y7: =IF(T7<800000,0,(VLOOKUP(T7,'세액표(1202)'!A:L,V7+1))) -> 0 | Z7: =ROUNDDOWN(Y7*10%,-1) -> 0 | AE7: 37600 | AF7: =SUM(Y7:AE7) -> 37600 | AG7: =T7-AF7 -> 0 | AH7: 카카오뱅크 | AI7: 3333-10-7214288
A8: =ROW()-5 -> 3 | B8: 박선을 | C8: 파트타임 | D8: 010105-4154826 | E8: 43831 | F8: 2019-02-29 | H8: 8590 | I8: 531100 | O8: =$O$3-P8 -> 31 | T8: =I8-Q8-S8+N8 -> 531100 | U8: 500000 | V8: 1 | W8: =A8 -> 3 | X8: =B8 -> 박선을 | Y8: =IF(T8<800000,0,(VLOOKUP(T8,'세액표(1202)'!A:L,V8+1))) -> 0 | Z8: =ROUNDDOWN(Y8*10%,-1) -> 0 | AD8: =ROUNDDOWN(T8*0.8%,-1) -> 4240 | AE8: 343100 | AF8: =SUM(Y8:AE8) -> 347340 | AG8: =T8-AF8 -> 183760 | AH8: 하나은행 | AI8: 40791058186607
A9: =ROW()-5 -> 4 | B9: 배민준 | C9: 파트타임 | D9: 000811-3158818 | E9: 43831 | F9: 43496 | H9: 8590 | I9: 263200 | O9: =$O$3-P9 -> 31 | T9: =I9-Q9-S9+N9 -> 263200 | U9: 500000 | V9: 1 | W9: =A9 -> 4 | X9: =B9 -> 배민준 | Y9: =IF(T9<800000,0,(VLOOKUP(T9,'세액표(1202)'!A:L,V9+1))) -> 0 | Z9: =ROUNDDOWN(Y9*10%,-1) -> 0 | AE9: 263200 | AF9: =SUM(Y9:AE9) -> 263200 | AG9: =T9-AF9 -> 0 | AH9: 카카오뱅크 | AI9: 3333-08-8385155
A10: =ROW()-5 -> 5 | B10: 배상범 | C10: 파트타임 | D10: 000202-3156734 | E10: 일용 | H10: 8590 | I10: 98700 | O10: =$O$3-P10 -> 31 | T10: =I10-Q10-S10+N10 -> 98700 | U10: 500000 | V10: 1 | W10: =A10 -> 5 | X10: =B10 -> 배상범 | Y10: =IF(T10<800000,0,(VLOOKUP(T10,'세액표(1202)'!A:L,V10+1))) -> 0 | Z10: =ROUNDDOWN(Y10*10%,-1) -> 0 | AE10: 98700 | AF10: =SUM(Y10:AE10) -> 98700 | AG10: =T10-AF10 -> 0 | AH10: 기업은행 | AI10: 975-047534-01-016
A11: =ROW()-5 -> 6 | B11: 서혜민 | C11: 파트타임 | D11: 001222-4066110 | E11: 43831 | F11: 2019-02-29 | H11: 8590 | I11: 592200 | O11: =$O$3-P11 -> 31 | T11: =I11-Q11-S11+N11 -> 592200 | U11: 500000 | V11: 1 | W11: =A11 -> 6 | X11: =B11 -> 서혜민 | Y11: =IF(T11<800000,0,(VLOOKUP(T11,'세액표(1202)'!A:L,V11+1))) -> 0 | Z11: =ROUNDDOWN(Y11*10%,-1) -> 0 | AD11: =ROUNDDOWN(T11*0.8%,-1) -> 4730 | AE11: 380700 | AF11: =SUM(Y11:AE11) -> 385430 | AG11: =T11-AF11 -> 206770 | AH11: 제일은행 | AI11: 603-20-253087
A12: =ROW()-5 -> 7 | B12: 손다은 | C12: 파트타임 | D12: 010708-4154814 | E12: 43831 | F12: 2019-02-29 | H12: 8590 | I12: 606300 | O12: =$O$3-P12 -> 31 | T12: =I12-Q12-S12+N12 -> 606300 | U12: 500000 | V12: 1 | W12: =A12 -> 7 | X12: =B12 -> 손다은 | Y12: =IF(T12<800000,0,(VLOOKUP(T12,'세액표(1202)'!A:L,V12+1))) -> 0 | Z12: =ROUNDDOWN(Y12*10%,-1) -> 0 | AD12: =ROUNDDOWN(T12*0.8%,-1) -> 4850 | AE12: 418300 | AF12: =SUM(Y12:AE12) -> 423150 | AG12: =T12-AF12 -> 183150 | AH12: 농협 | AI12: 352-1656-6309-23
A13: =ROW()-5 -> 8 | B13: 양기환 | C13: 파트타임 | D13: 001203-3478912 | E13: 43831 | F13: 2019-02-29 | H13: 8590 | I13: 455900 | O13: =$O$3-P13 -> 31 | T13: =I13-Q13-S13+N13 -> 455900 | U13: 500000 | V13: 1 | W13: =A13 -> 8 | X13: =B13 -> 양기환 | Y13: =IF(T13<800000,0,(VLOOKUP(T13,'세액표(1202)'!A:L,V13+1))) -> 0 | Z13: =ROUNDDOWN(Y13*10%,-1) -> 0 | AD13: =ROUNDDOWN(T13*0.8%,-1) -> 3640 | AE13: 455900 | AF13: =SUM(Y13:AE13) -> 459540 | AG13: =T13-AF13 -> -3640 | AH13: 농협 | AI13: 302125-5184391
A14: =ROW()-5 -> 9 | B14: 오유민 | C14: 파트타임 | D14: 000601-4412216 | E14: 43831 | F14: 2019-02-29 | H14: 8590 | I14: 733200 | O14: =$O$3-P14 -> 31 | T14: =I14-Q14-S14+N14 -> 733200 | U14: 500000 | V14: 1 | W14: =A14 -> 9 | X14: =B14 -> 오유민 | Y14: =IF(T14<800000,0,(VLOOKUP(T14,'세액표(1202)'!A:L,V14+1))) -> 0 | Z14: =ROUNDDOWN(Y14*10%,-1) -> 0 | AD14: =ROUNDDOWN(T14*0.8%,-1) -> 5860 | AE14: 592200 | AF14: =SUM(Y14:AE14) -> 598060 | AG14: =T14-AF14 -> 135140 | AH14: 카카오뱅크 | AI14: 3333-08-7514946
A15: =ROW()-5 -> 10 | B15: 유경하 | C15: 파트타임 | D15: 990218-2155410 | E15: 43831 | F15: 2019-02-29 | H15: 8590 | I15: 639200 | O15: =$O$3-P15 -> 31 | T15: =I15-Q15-S15+N15 -> 639200 | U15: 500000 | V15: 1 | W15: =A15 -> 10 | X15: =B15 -> 유경하 | Y15: =IF(T15<800000,0,(VLOOKUP(T15,'세액표(1202)'!A:L,V15+1))) -> 0 | Z15: =ROUNDDOWN(Y15*10%,-1) -> 0 | AD15: =ROUNDDOWN(T15*0.8%,-1) -> 5110 | AE15: 493500 | AF15: =SUM(Y15:AE15) -> 498610 | AG15: =T15-AF15 -> 140590 | AH15: 국민은행 | AI15: 659402-01-349166
A16: =ROW()-5 -> 11 | B16: 이나영 | C16: 파트타임 | D16: 001019-4183714 | E16: 일용 | H16: 8590 | I16: 122200 | O16: =$O$3-P16 -> 31 | T16: =I16-Q16-S16+N16 -> 122200 | U16: 500000 | V16: 1 | W16: =A16 -> 11 | X16: =B16 -> 이나영 | Y16: =IF(T16<800000,0,(VLOOKUP(T16,'세액표(1202)'!A:L,V16+1))) -> 0 | Z16: =ROUNDDOWN(Y16*10%,-1) -> 0 | AE16: 122200 | AF16: =SUM(Y16:AE16) -> 122200 | AG16: =T16-AF16 -> 0 | AH16: 카카오뱅크 | AI16: 3333-08-4713978
A17: =ROW()-5 -> 12 | B17: 이대성 | C17: 파트타임 | D17: 000819-3155516 | E17: 43831 | F17: 43496 | H17: 8590 | I17: 159800 | O17: =$O$3-P17 -> 31 | T17: =I17-Q17-S17+N17 -> 159800 | U17: 500000 | V17: 1 | W17: =A17 -> 12 | X17: =B17 -> 이대성 | Y17: =IF(T17<800000,0,(VLOOKUP(T17,'세액표(1202)'!A:L,V17+1))) -> 0 | Z17: =ROUNDDOWN(Y17*10%,-1) -> 0 | AE17: 159800 | AF17: =SUM(Y17:AE17) -> 159800 | AG17: =T17-AF17 -> 0 | AH17: 카카오뱅크 | AI17: 3333-11-8318902
A18: =ROW()-5 -> 13 | B18: 임민경 | C18: 파트타임 | D18: 000722-4158418 | E18: 43831 | F18: 43496 | H18: 8590 | I18: 42300 | O18: =$O$3-P18 -> 31 | T18: =I18-Q18-S18+N18 -> 42300 | U18: 500000 | V18: 1 | W18: =A18 -> 13 | X18: =B18 -> 임민경 | Y18: =IF(T18<800000,0,(VLOOKUP(T18,'세액표(1202)'!A:L,V18+1))) -> 0 | Z18: =ROUNDDOWN(Y18*10%,-1) -> 0 | AE18: 42300 | AF18: =SUM(Y18:AE18) -> 42300 | AG18: =T18-AF18 -> 0 | AH18: 카카오뱅크 | AI18: 3333-08-6054068
A19: =ROW()-5 -> 14 | B19: 임형준 | C19: 파트타임 | D19: 010911-3154619 | E19: 43831 | F19: 2019-02-29 | H19: 8590 | I19: 432400 | O19: =$O$3-P19 -> 31 | T19: =I19-Q19-S19+N19 -> 432400 | U19: 500000 | V19: 1 | W19: =A19 -> 14 | X19: =B19 -> 임형준 | Y19: =IF(T19<800000,0,(VLOOKUP(T19,'세액표(1202)'!A:L,V19+1))) -> 0 | Z19: =ROUNDDOWN(Y19*10%,-1) -> 0 | AD19: =ROUNDDOWN(T19*0.8%,-1) -> 3450 | AE19: 333700 | AF19: =SUM(Y19:AE19) -> 337150 | AG19: =T19-AF19 -> 95250 | AH19: 농협 | AI19: 302-1015-0201-81
A20: =ROW()-5 -> 15 | B20: 최은영 | C20: 파트타임 | D20: 001119-4233219 | E20: 43831 | F20: 43496 | H20: 8590 | I20: 61100 | O20: =$O$3-P20 -> 31 | T20: =I20-Q20-S20+N20 -> 61100 | U20: 500000 | V20: 1 | W20: =A20 -> 15 | X20: =B20 -> 최은영 | Y20: =IF(T20<800000,0,(VLOOKUP(T20,'세액표(1202)'!A:L,V20+1))) -> 0 | Z20: =ROUNDDOWN(Y20*10%,-1) -> 0 | AE20: 61100 | AF20: =SUM(Y20:AE20) -> 61100 | AG20: =T20-AF20 -> 0 | AH20: 카카오뱅크 | AI20: 3333-09-2060829
A30: 총 계 | G30: =SUM(INDIRECT("g5:g"&ROW()-1)) -> 0 | I30: =SUM(INDIRECT("i5:i"&ROW()-1)) -> 4836300 | J30: =SUM(INDIRECT("j5:j"&ROW()-1)) -> 0 | K30: =SUM(INDIRECT("K5:K"&ROW()-1)) -> 0 | L30: =SUM(INDIRECT("l5:l"&ROW()-1)) -> 0 | M30: =SUM(INDIRECT("m5:m"&ROW()-1)) -> 0 | N30: =SUM(INDIRECT("n5:n"&ROW()-1)) -> 0 | T30: =SUM(INDIRECT("t5:t"&ROW()-1)) -> 4836300 | U30: =SUM(INDIRECT("K5:K"&ROW()-1)) -> 0 | Y30: =SUM(INDIRECT("y5:y"&ROW()-1)) -> 0 | Z30: =SUM(INDIRECT("z5:z"&ROW()-1)) -> 0 | AA30: =SUM(INDIRECT("aa5:aa"&ROW()-1)) -> 0 | AB30: =SUM(INDIRECT("ab5:ab"&ROW()-1)) -> 0 | AC30: =SUM(INDIRECT("ac5:ac"&ROW()-1)) -> 0 | AD30: =SUM(INDIRECT("ad5:ad"&ROW()-1)) -> 31880 | AE30: =SUM(INDIRECT("ae5:ae"&ROW()-1)) -> 3863400 | AF30: =SUM(INDIRECT("af5:af"&ROW()-1)) -> 3895280 | AG30: =SUM(INDIRECT("ag5:ag"&ROW()-1)) -> 941020
A31: 1 | B31: 2 | C31: 3 | D31: 4 | E31: 5 | G31: 6 | H31: 7 | I31: 8 | J31: 9 | K31: 10 | L31: 11 | M31: 12 | N31: 13 | O31: 14 | P31: 15 | Q31: 16 | R31: 17 | S31: 18 | T31: 19 | U31: 20 | V31: 21 | W31: 22 | X31: 23 | Y31: 24 | Z31: 25 | AA31: 26 | AB31: 27 | AC31: 28 | AD31: 29 | AE31: 30 | AF31: 31 | AG31: 32 | AH31: 33 | AI31: 33

Sheet 명세서 (파트)
A1: [ 2020년 1월 ]급여 명세서
A2: 직 위/부 서 | D2: 성 명 | F2: 당월 근무일 | I2: 휴무 추가/공제 내역
A3: =VLOOKUP(K3,'임금대장(파트)'!$A$6:$AG$41,3,0) -> 파트타임 | D3: =VLOOKUP(K3,'임금대장(파트)'!$A$6:$AG$41,2,0) -> 고순호 | F3: ='임금대장(파트)'!$O$3 -> 31 | I3: =VLOOKUP(K3,'임금대장(파트)'!$A$6:$AG$41,16,0) -> 0 | K3: 1
A4: 월책정급여 | C4: 입사일 | D4: =VLOOKUP($K3,'임금대장(파트)'!$A$6:$AG$41,5,0) -> 일용 | F4: 출근일수 | G4: =VLOOKUP(K3,'임금대장(파트)'!$A$6:$AG$41,15,0) -> 31 | I4: 공제액 | J4: =VLOOKUP(K3,'임금대장(파트)'!$A$6:$AG$41,17,0) -> 0
A5: =VLOOKUP($K3,'임금대장(파트)'!$A$6:$AG$41,7,0) -> 0 | F5: 공제일수 | G5: =VLOOKUP(K3,'임금대장(파트)'!$A$6:$AG$41,16,0) -> 0
A7: 지급사항 | B7: 기본급 | C7: =VLOOKUP($K3,'임금대장(파트)'!$A$6:$AG$41,9,0) -> 61100
B8: 연장근로 (고정) | C8: =VLOOKUP($K3,'임금대장(파트)'!$A$6:$AG$41,10,0) -> 0
B9: 연장근로(주말) | C9: =VLOOKUP($K3,'임금대장(파트)'!$A$6:$AG$41,11,0) -> 0
B10: 야간근로 | C10: =VLOOKUP($K3,'임금대장(파트)'!$A$6:$AG$41,12,0) -> 0
B11: 연차수당 | C11: =VLOOKUP($K3,'임금대장(파트)'!$A$6:$AG$41,13,0) -> 0
B12: 추가수당 | C12: =VLOOKUP($K3,'임금대장(파트)'!$A$6:$AG$41,14,0) -> 0
I15: 지 급 총 액 | J15: =SUM(C7:H13) -> 61100
A16: 공제사항 | B16: 소 득 세 | C16: =VLOOKUP($K3,'임금대장(파트)'!$A$6:$AG$41,25,0) -> 0 | F16: 시간공제 | H16: =VLOOKUP($K3,'임금대장(파트)'!$A$6:$AG$41,19,0) -> 0
B17: 지 방 소 득 세 | C17: =VLOOKUP($K3,'임금대장(파트)'!$A$6:$AG$41,26,0) -> 0 | F17: 휴무공제 | H17: =VLOOKUP($K3,'임금대장(파트)'!$A$6:$AG$41,17,0) -> 0
B18: 국 민 연 금 | C18: =VLOOKUP($K3,'임금대장(파트)'!$A$6:$AG$41,27,0) -> 0 | F18: 가 불 공 제 | H18: =VLOOKUP($K3,'임금대장(파트)'!$A$6:$AG$41,31,0) -> 61100
B19: 건 강 보 험 | C19: =VLOOKUP($K3,'임금대장(파트)'!$A$6:$AG$41,28,0) -> 0 | F19: 고 용 보 험 | H19: =VLOOKUP($K3,'임금대장(파트)'!$A$6:$AG$41,30,0) -> 0
B20: 장기요양보험 | C20: =VLOOKUP($K3,'임금대장(파트)'!$A$6:$AG$41,29,0) -> 0 | I20: 공 제 총 액 | J20: =SUM(C16:H21) -> 61100
I21: 실 수 령 액 | J21: =J15-J20 -> 0
A22: 귀하의 노고에 감사드립니다. | J22: <쿠우쿠우 부평점>
A24: [ 2020년 1월 ]급여 명세서
A25: 직 위/부 서 | D25: 성 명 | F25: 당월 근무일 | I25: 휴무 추가/공제 내역
A26: =VLOOKUP(K26,'임금대장(파트)'!$A$6:$AG$41,3,0) -> 파트타임 | D26: =VLOOKUP(K26,'임금대장(파트)'!$A$6:$AG$41,2,0) -> 김나현 | F26: ='임금대장(파트)'!$O$3 -> 31 | I26: =VLOOKUP(K26,'임금대장(파트)'!$A$6:$AG$41,16,0) -> 0 | K26: 2
A27: 월책정급여 | C27: 입사일 | D27: =VLOOKUP($K26,'임금대장(파트)'!$A$6:$AG$41,5,0) -> 일용 | F27: 출근일수 | G27: =VLOOKUP(K26,'임금대장(파트)'!$A$6:$AG$41,15,0) -> 31 | I27: 공제액 | J27: =VLOOKUP(K26,'임금대장(파트)'!$A$6:$AG$41,17,0) -> 0
A28: =VLOOKUP($K26,'임금대장(파트)'!$A$6:$AG$41,7,0) -> 0 | F28: 공제일수 | G28: =VLOOKUP(K26,'임금대장(파트)'!$A$6:$AG$41,16,0) -> 0
A30: 지급사항 | B30: 기본급 | C30: =VLOOKUP($K26,'임금대장(파트)'!$A$6:$AG$41,9,0) -> 37600
B31: 연장근로 (고정) | C31: =VLOOKUP($K26,'임금대장(파트)'!$A$6:$AG$41,10,0) -> 0
B32: 연장근로(주말) | C32: =VLOOKUP($K26,'임금대장(파트)'!$A$6:$AG$41,11,0) -> 0
B33: 야간근로 | C33: =VLOOKUP($K26,'임금대장(파트)'!$A$6:$AG$41,12,0) -> 0
B34: 연차수당 | C34: =VLOOKUP($K26,'임금대장(파트)'!$A$6:$AG$41,13,0) -> 0
B35: 추가수당 | C35: =VLOOKUP($K26,'임금대장(파트)'!$A$6:$AG$41,14,0) -> 0
I38: 지 급 총 액 | J38: =SUM(C30:H36) -> 37600
A39: 공제사항 | B39: 소 득 세 | C39: =VLOOKUP($K26,'임금대장(파트)'!$A$6:$AG$41,25,0) -> 0 | F39: 시간공제 | H39: =VLOOKUP($K26,'임금대장(파트)'!$A$6:$AG$41,19,0) -> 0
B40: 지 방 소 득 세 | C40: =VLOOKUP($K26,'임금대장(파트)'!$A$6:$AG$41,26,0) -> 0 | F40: 휴무공제 | H40: =VLOOKUP($K26,'임금대장(파트)'!$A$6:$AG$41,17,0) -> 0
B41: 국 민 연 금 | C41: =VLOOKUP($K26,'임금대장(파트)'!$A$6:$AG$41,27,0) -> 0 | F41: 가 불 공 제 | H41: =VLOOKUP($K26,'임금대장(파트)'!$A$6:$AG$41,31,0) -> 37600
B42: 건 강 보 험 | C42: =VLOOKUP($K26,'임금대장(파트)'!$A$6:$AG$41,28,0) -> 0 | F42: 고 용 보 험 | H42: =VLOOKUP($K26,'임금대장(파트)'!$A$6:$AG$41,30,0) -> 0
B43: 장기요양보험 | C43: =VLOOKUP($K26,'임금대장(파트)'!$A$6:$AG$41,29,0) -> 0 | I43: 공 제 총 액 | J43: =SUM(C39:H44) -> 37600
I44: 실 수 령 액 | J44: =J38-J43 -> 0
A45: 귀하의 노고에 감사드립니다. | J45: <쿠우쿠우 부평점>
A47: [ 2020년 1월 ]급여 명세서
A48: 직 위/부 서 | D48: 성 명 | F48: 당월 근무일 | I48: 휴무 추가/공제 내역
A49: =VLOOKUP(K49,'임금대장(파트)'!$A$6:$AG$41,3,0) -> 파트타임 | D49: =VLOOKUP(K49,'임금대장(파트)'!$A$6:$AG$41,2,0) -> 박선을 | F49: ='임금대장(파트)'!$O$3 -> 31 | I49: =VLOOKUP(K49,'임금대장(파트)'!$A$6:$AG$41,16,0) -> 0 | K49: 3
A50: 월책정급여 | C50: 입사일 | D50: =VLOOKUP($K49,'임금대장(파트)'!$A$6:$AG$41,5,0) -> 43831 | F50: 출근일수 | G50: =VLOOKUP(K49,'임금대장(파트)'!$A$6:$AG$41,15,0) -> 31 | I50: 공제액 | J50: =VLOOKUP(K49,'임금대장(파트)'!$A$6:$AG$41,17,0) -> 0
A51: =VLOOKUP($K49,'임금대장(파트)'!$A$6:$AG$41,7,0) -> 0 | F51: 공제일수 | G51: =VLOOKUP(K49,'임금대장(파트)'!$A$6:$AG$41,16,0) -> 0
A53: 지급사항 | B53: 기본급 | C53: =VLOOKUP($K49,'임금대장(파트)'!$A$6:$AG$41,9,0) -> 531100
B54: 연장근로 (고정) | C54: =VLOOKUP($K49,'임금대장(파트)'!$A$6:$AG$41,10,0) -> 0
B55: 연장근로(주말) | C55: =VLOOKUP($K49,'임금대장(파트)'!$A$6:$AG$41,11,0) -> 0
B56: 야간근로 | C56: =VLOOKUP($K49,'임금대장(파트)'!$A$6:$AG$41,12,0) -> 0
B57: 연차수당 | C57: =VLOOKUP($K49,'임금대장(파트)'!$A$6:$AG$41,13,0) -> 0
B58: 추가수당 | C58: =VLOOKUP($K49,'임금대장(파트)'!$A$6:$AG$41,14,0) -> 0
I61: 지 급 총 액 | J61: =SUM(C53:H59) -> 531100
A62: 공제사항 | B62: 소 득 세 | C62: =VLOOKUP($K49,'임금대장(파트)'!$A$6:$AG$41,25,0) -> 0 | F62: 시간공제 | H62: =VLOOKUP($K49,'임금대장(파트)'!$A$6:$AG$41,19,0) -> 0
B63: 지 방 소 득 세 | C63: =VLOOKUP($K49,'임금대장(파트)'!$A$6:$AG$41,26,0) -> 0 | F63: 휴무공제 | H63: =VLOOKUP($K49,'임금대장(파트)'!$A$6:$AG$41,17,0) -> 0
B64: 국 민 연 금 | C64: =VLOOKUP($K49,'임금대장(파트)'!$A$6:$AG$41,27,0) -> 0 | F64: 가 불 공 제 | H64: =VLOOKUP($K49,'임금대장(파트)'!$A$6:$AG$41,31,0) -> 343100
B65: 건 강 보 험 | C65: =VLOOKUP($K49,'임금대장(파트)'!$A$6:$AG$41,28,0) -> 0 | F65: 고 용 보 험 | H65: =VLOOKUP($K49,'임금대장(파트)'!$A$6:$AG$41,30,0) -> 4240
B66: 장기요양보험 | C66: =VLOOKUP($K49,'임금대장(파트)'!$A$6:$AG$41,29,0) -> 0 | I66: 공 제 총 액 | J66: =SUM(C62:H67) -> 347340
I67: 실 수 령 액 | J67: =J61-J66 -> 183760
A68: 귀하의 노고에 감사드립니다. | J68: <쿠우쿠우 부평점>
A70: [ 2020년 1월 ]급여 명세서
A71: 직 위/부 서 | D71: 성 명 | F71: 당월 근무일 | I71: 휴무 추가/공제 내역
A72: =VLOOKUP(K72,'임금대장(파트)'!$A$6:$AG$41,3,0) -> 파트타임 | D72: =VLOOKUP(K72,'임금대장(파트)'!$A$6:$AG$41,2,0) -> 배민준 | F72: ='임금대장(파트)'!$O$3 -> 31 | I72: =VLOOKUP(K72,'임금대장(파트)'!$A$6:$AG$41,16,0) -> 0 | K72: 4
A73: 월책정급여 | C73: 입사일 | D73: =VLOOKUP($K72,'임금대장(파트)'!$A$6:$AG$41,5,0) -> 43831 | F73: 출근일수 | G73: =VLOOKUP(K72,'임금대장(파트)'!$A$6:$AG$41,15,0) -> 31 | I73: 공제액 | J73: =VLOOKUP(K72,'임금대장(파트)'!$A$6:$AG$41,17,0) -> 0
A74: =VLOOKUP($K72,'임금대장(파트)'!$A$6:$AG$41,7,0) -> 0 | F74: 공제일수 | G74: =VLOOKUP(K72,'임금대장(파트)'!$A$6:$AG$41,16,0) -> 0
A76: 지급사항 | B76: 기본급 | C76: =VLOOKUP($K72,'임금대장(파트)'!$A$6:$AG$41,9,0) -> 263200
B77: 연장근로 (고정) | C77: =VLOOKUP($K72,'임금대장(파트)'!$A$6:$AG$41,10,0) -> 0
B78: 연장근로(주말) | C78: =VLOOKUP($K72,'임금대장(파트)'!$A$6:$AG$41,11,0) -> 0
B79: 야간근로 | C79: =VLOOKUP($K72,'임금대장(파트)'!$A$6:$AG$41,12,0) -> 0
B80: 연차수당 | C80: =VLOOKUP($K72,'임금대장(파트)'!$A$6:$AG$41,13,0) -> 0
B81: 추가수당 | C81: =VLOOKUP($K72,'임금대장(파트)'!$A$6:$AG$41,14,0) -> 0
I84: 지 급 총 액 | J84: =SUM(C76:H82) -> 263200
A85: 공제사항 | B85: 소 득 세 | C85: =VLOOKUP($K72,'임금대장(파트)'!$A$6:$AG$41,25,0) -> 0 | F85: 시간공제 | H85: =VLOOKUP($K72,'임금대장(파트)'!$A$6:$AG$41,19,0) -> 0
B86: 지 방 소 득 세 | C86: =VLOOKUP($K72,'임금대장(파트)'!$A$6:$AG$41,26,0) -> 0 | F86: 휴무공제 | H86: =VLOOKUP($K72,'임금대장(파트)'!$A$6:$AG$41,17,0) -> 0
B87: 국 민 연 금 | C87: =VLOOKUP($K72,'임금대장(파트)'!$A$6:$AG$41,27,0) -> 0 | F87: 가 불 공 제 | H87: =VLOOKUP($K72,'임금대장(파트)'!$A$6:$AG$41,31,0) -> 263200
B88: 건 강 보 험 | C88: =VLOOKUP($K72,'임금대장(파트)'!$A$6:$AG$41,28,0) -> 0 | F88: 고 용 보 험 | H88: =VLOOKUP($K72,'임금대장(파트)'!$A$6:$AG$41,30,0) -> 0
B89: 장기요양보험 | C89: =VLOOKUP($K72,'임금대장(파트)'!$A$6:$AG$41,29,0) -> 0 | I89: 공 제 총 액 | J89: =SUM(C85:H90) -> 263200
I90: 실 수 령 액 | J90: =J84-J89 -> 0
A91: 귀하의 노고에 감사드립니다. | J91: <쿠우쿠우 부평점>
A93: [ 2020년 1월 ]급여 명세서
A94: 직 위/부 서 | D94: 성 명 | F94: 당월 근무일 | I94: 휴무 추가/공제 내역
